elapsed_s,map_x,map_y,yaw,linear_cmd,angular_cmd,segment
3.0538847590000273,-6.0,7.0,0.0,0.18,0.02499999999999858,0
3.1039402879999898,-6.0,7.0,0.0,0.18,0.02499999999999858,0
3.153934810999999,-5.999203681945801,7.0,0.00023442904057446867,0.18,0.02453114191884964,0
3.203993823000019,-5.993143558502197,7.000000476837158,0.00037748017348349094,0.18,0.02424408597871519,0
3.254072698000016,-5.9845428466796875,7.000006198883057,0.0014694372657686472,0.18,0.022048727702348003,0
3.3039114509999763,-5.97495174407959,7.000023365020752,0.002785507822409272,0.18,0.01938225431367613,0
3.353978122000001,-5.964951515197754,7.000054836273193,0.004077259451150894,0.18,0.016735808551310072,0
3.403958228000022,-5.964951515197754,7.000054836273193,0.004077259451150894,0.18,0.016735808551310072,0
3.4540996430000064,-5.954774856567383,7.000099182128906,0.005239788442850113,0.18,0.014322058856485853,0
3.503952560000016,-5.94451904296875,7.000155448913574,0.006254974752664566,0.18,0.01217915266752101,0
3.5539519069999983,-5.9342265129089355,7.000222206115723,0.007209125906229019,0.18,0.010137335956095228,0
3.6040676449999864,-5.923914432525635,7.000298500061035,0.008058850653469563,0.18,0.008285298570989141,0
3.6540256920000047,-5.913590431213379,7.000383377075195,0.008730236440896988,0.18,0.006772772967813978,0
3.704108362999989,-5.913590431213379,7.000383377075195,0.008730236440896988,0.18,0.006772772967813978,0
3.7539859070000148,-5.903257846832275,7.00047492980957,0.009258095175027847,0.18,0.005533950030802259,0
3.8039788710000266,-5.892917633056641,7.000572204589844,0.009695354849100113,0.18,0.004464881122110853,0
3.8541048189999856,-5.882570266723633,7.000673770904541,0.010084453970193863,0.18,0.003483550250528822,0
3.90402881,-5.872216701507568,7.000779151916504,0.010397735983133316,0.18,0.0026462242007241343,0
3.9538659400000142,-5.861856460571289,7.000887393951416,0.010644737631082535,0.18,0.001935736835001478,0
4.0039997910000125,-5.861856460571289,7.000887393951416,0.010644737631082535,0.18,0.001935736835001478,0
4.0538977109999905,-5.851490020751953,7.000998020172119,0.010836427100002766,0.18,0.0013311054557547664,0
4.103966005000018,-5.841117858886719,7.001110553741455,0.0109904445707798,0.18,0.0007980033755288218,0
4.154039108999996,-5.830739498138428,7.001224994659424,0.011115852743387222,0.18,0.0003183051943764781,0
4.203907232000006,-5.82035493850708,7.001340866088867,0.011210743337869644,0.18,-0.00010321885347508442,0
4.25393402200001,-5.809964656829834,7.001457691192627,0.011269871145486832,0.18,-0.00045512467622899067,0
4.304032499000016,-5.809964656829834,7.001457691192627,0.011269871145486832,0.18,-0.00045512467622899067,0
4.353965269000014,-5.7995686531066895,7.001574993133545,0.011300865560770035,0.18,-0.0007517173886313344,0
4.404006712000012,-5.7891669273376465,7.001692295074463,0.011309925466775894,0.18,-0.0010044410824789907,0
4.453995162000012,-5.778759479522705,7.001809597015381,0.011303727515041828,0.18,-0.0012266490608467961,0
4.503960054000004,-5.768346786499023,7.001926898956299,0.01128179207444191,0.18,-0.001417382061482897,0
4.553812024000024,-5.757928371429443,7.002044200897217,0.011242691427469254,0.18,-0.001573784649373522,0
4.604081866000001,-5.757928371429443,7.002044200897217,0.011242691427469254,0.18,-0.001573784649373522,0
4.653923458999998,-5.747504234313965,7.002161502838135,0.011189762502908707,0.18,-0.0017025306820883657,0
4.703935872999978,-5.737074851989746,7.002277851104736,0.011126343160867691,0.18,-0.0018083885312094594,0
4.753939037999999,-5.726640701293945,7.00239372253418,0.011058155447244644,0.18,-0.0019037559628500844,0
4.803955287999997,-5.716200828552246,7.002509117126465,0.010982338339090347,0.18,-0.001982910931111803,0
4.853815525000016,-5.705756187438965,7.002623558044434,0.010898414999246597,0.18,-0.002043946087361803,0
4.904213905999995,-5.705756187438965,7.002623558044434,0.010898414999246597,0.18,-0.002043946087361803,0
4.953971046999982,-5.695306301116943,7.002737045288086,0.010807815939188004,0.18,-0.002089722454549303,0
5.0039292189999856,-5.684852123260498,7.00285005569458,0.010713402181863785,0.18,-0.002126915752889147,0
5.05386236999999,-5.674392223358154,7.0029616355896,0.01061660423874855,0.18,-0.0021564796566977407,0
5.104040758999986,-5.663928031921387,7.003072261810303,0.0105174221098423,0.18,-0.0021793678402914907,0
5.153981703999989,-5.653459072113037,7.003182411193848,0.010415855795145035,0.18,-0.002196533977986803,0
5.20393565400002,-5.653459072113037,7.003182411193848,0.010415855795145035,0.18,-0.002196533977986803,0
5.254045323000014,-5.642984867095947,7.003291130065918,0.010311905294656754,0.18,-0.0022060707211508657,0
5.303939931000002,-5.632506370544434,7.003398895263672,0.01020604744553566,0.18,-0.0022098854184164907,0
5.353987168000003,-5.622023582458496,7.003505706787109,0.010099236853420734,0.18,-0.00220988728106164,0
5.403955587999974,-5.611536502838135,7.0036115646362305,0.009991470724344254,0.18,-0.0022060707211508657,0
5.453919258999974,-5.60104513168335,7.003715991973877,0.009883704595267773,0.18,-0.0021993931382908727,0
5.504051616000027,-5.60104513168335,7.003715991973877,0.009883704595267773,0.18,-0.0021993931382908727,0
5.553811316000008,-5.590549468994141,7.003819465637207,0.009775463491678238,0.18,-0.0021898582577719594,0
5.604110164000019,-5.580049514770508,7.003921985626221,0.0096667455509305,0.18,-0.0021774623543038274,0
5.653964771000005,-5.569545269012451,7.004023551940918,0.009558025747537613,0.18,-0.0021631553769125844,0
5.70407312399999,-5.559036731719971,7.004123687744141,0.009449783712625504,0.18,-0.002146942913533678,0
5.753987328999983,-5.548523902893066,7.004222869873047,0.0093424953520298,0.18,-0.002130730450154772,0
5.804080714000008,-5.548523902893066,7.004222869873047,0.0093424953520298,0.18,-0.002130730450154772,0
5.853960342999983,-5.548523902893066,7.004222869873047,0.0093424953520298,0.18,-0.002130730450154772,0
5.903915777999998,-5.527485370635986,7.004417896270752,0.0091288723051548,0.18,-0.002093537151814928,0
5.953929082000002,-5.516960144042969,7.004513740539551,0.009022538550198078,0.18,-0.00207255817949914,0
6.00405815900001,-5.506431579589844,7.004608154296875,0.008916202932596207,0.18,-0.0020487144589438344,0
6.053844245999983,-5.495898723602295,7.004701614379883,0.008811775594949722,0.18,-0.0020267799496664907,0
6.10395491700001,-5.495898723602295,7.004701614379883,0.008811775594949722,0.18,-0.0020267799496664907,0
6.154122195000014,-5.4853620529174805,7.004794120788574,0.008708778768777847,0.18,-0.002005799114705553,0
6.203973566999991,-5.474822044372559,7.004885673522949,0.008605781942605972,0.18,-0.001982910931111803,0
6.253936950000025,-5.464277744293213,7.00497579574585,0.008504215627908707,0.18,-0.001960022747518053,0
6.303953915000022,-5.453730583190918,7.005065441131592,0.008403602987527847,0.18,-0.0019380882382407094,0
6.353991278000024,-5.443179130554199,7.005154132843018,0.008303944021463394,0.18,-0.0019161537289633657,0
6.403929645999995,-5.443179130554199,7.005154132843018,0.008303944021463394,0.18,-0.0019161537289633657,0
6.454009299000006,-5.432624816894531,7.005241394042969,0.008205238729715347,0.18,-0.0018932655453696157,0
6.50400915900002,-5.4220662117004395,7.0053277015686035,0.008107010275125504,0.18,-0.0018694236874594594,0
6.554164857999979,-5.411504745483398,7.005413055419922,0.008010689169168472,0.18,-0.0018474891781821157,0
6.6040285550000135,-5.40093994140625,7.005497455596924,0.007914368063211441,0.18,-0.0018236473202719594,0
6.653974791999985,-5.390371322631836,7.005580902099609,0.00781900156289339,0.18,-0.0017998073250069524,0
6.703964186999997,-5.390371322631836,7.005580902099609,0.00781900156289339,0.18,-0.0017998073250069524,0
6.754288771999995,-5.379799842834473,7.0056633949279785,0.0077255405485630035,0.18,-0.0017778709530844594,0
6.80396672400002,-5.369225025177002,7.005744934082031,0.007632557302713394,0.18,-0.0017549827694907094,0
6.854177053000001,-5.358646869659424,7.005825519561768,0.007541004568338394,0.18,-0.0017330482602133657,0
6.90402646299998,-5.348065376281738,7.0059051513671875,0.007449929136782885,0.18,-0.0017101610079421903,0
6.95382551900002,-5.3374810218811035,7.005983829498291,0.00736028328537941,0.18,-0.001688225567342272,0
7.0039839159999815,-5.3374810218811035,7.005983829498291,0.00736028328537941,0.18,-0.001688225567342272,0
7.053982096000027,-5.3268938064575195,7.006061553955078,0.007272545713931322,0.18,-0.0016681993380203153,0
7.104031641999995,-5.316303730010986,7.006138324737549,0.007185761351138353,0.18,-0.001648172177375784,0
7.153984901999991,-5.305710315704346,7.006214141845703,0.0070994533598423,0.18,-0.001627190411092272,0
7.203887511999994,-5.305710315704346,7.006214141845703,0.0070994533598423,0.18,-0.001627190411092272,0
7.2539115160000165,-5.284514904022217,7.006363391876221,0.006928745657205582,0.18,-0.0015842750668539907,0
7.303989799000021,-5.284514904022217,7.006363391876221,0.006928745657205582,0.18,-0.0015842750668539907,0
7.354064930999982,-5.2739129066467285,7.006436347961426,0.006844345945864916,0.18,-0.0015613878145828153,0
7.404303423999977,-5.263308048248291,7.006508827209473,0.006761853117495775,0.18,-0.001541360653938284,0
7.453956010000013,-5.252700328826904,7.006580352783203,0.00667983666062355,0.18,-0.001520378887654772,0
7.504024620999985,-5.242090225219727,7.006650924682617,0.00659925164654851,0.18,-0.0015003526583328153,0
7.55397396699999,-5.2314772605896,7.006721019744873,0.006520096678286791,0.18,-0.0014822328463210965,0
7.603942905999986,-5.2314772605896,7.006721019744873,0.006520096678286791,0.18,-0.0014822328463210965,0
7.653962819000014,-5.220861911773682,7.006789684295654,0.006441895384341478,0.18,-0.0014631593599929715,0
7.703958256000021,-5.2102437019348145,7.006857872009277,0.006364647299051285,0.18,-0.0014450386166586782,0
7.753978049000011,-5.199623107910156,7.006925106048584,0.006287400145083666,0.18,-0.0014250123873367215,0
7.804049147000001,-5.188999652862549,7.006991863250732,0.006211583036929369,0.18,-0.0014068925753250028,0
7.853859805000013,-5.17837381362915,7.0070576667785645,0.006136719603091478,0.18,-0.001388772763313284,0
7.903968050000003,-5.17837381362915,7.0070576667785645,0.006136719603091478,0.18,-0.001388772763313284,0
7.953943476999996,-5.167745590209961,7.00712251663208,0.006062809377908707,0.18,-0.0013706520199789907,0
8.004137803999981,-5.1571149826049805,7.0071868896484375,0.005989853758364916,0.18,-0.0013534868136062528,0
8.053968689999977,-5.1571149826049805,7.0071868896484375,0.005989853758364916,0.18,-0.0013534868136062528,0
8.104009924000025,-5.135846138000488,7.007313251495361,0.005845848936587572,0.18,-0.0013182008638992215,0
8.153931105000026,-5.125208377838135,7.007375240325928,0.005774323362857103,0.18,-0.0012991273775710965,0
8.203932354000017,-5.125208377838135,7.007375240325928,0.005774323362857103,0.18,-0.0012991273775710965,0
8.254042921000007,-5.11456823348999,7.007436752319336,0.00570470467209816,0.18,-0.0012829139828696157,0
8.304088085999979,-5.103925704956055,7.0074968338012695,0.005636516958475113,0.18,-0.0012667015194907094,0
8.353970894999975,-5.103925704956055,7.0074968338012695,0.005636516958475113,0.18,-0.0012667015194907094,0
8.404021261000025,-5.082633972167969,7.007615566253662,0.00550061883404851,0.18,-0.001232370175422659,0
8.453863171000023,-5.071984767913818,7.007674217224121,0.005432907957583666,0.18,-0.0012142503634109403,0
8.504165940999997,-5.071984767913818,7.007674217224121,0.005432907957583666,0.18,-0.0012142503634109403,0
8.554061398999977,-5.061333656311035,7.0077314376831055,0.0053666275925934315,0.18,-0.0011961305513992215,0
8.604086123999991,-5.050680160522461,7.00778865814209,0.005302254110574722,0.18,-0.0011818245053305532,0
8.654047040000023,-5.050680160522461,7.00778865814209,0.005302254110574722,0.18,-0.0011818245053305532,0
8.70392605699999,-5.029366970062256,7.007900714874268,0.005174939054995775,0.18,-0.0011513078585281278,0
8.75401012399999,-5.018707752227783,7.007955551147461,0.00511151971295476,0.18,-0.0011341417208328153,0
8.804046447000019,-5.018707752227783,7.007955551147461,0.00511151971295476,0.18,-0.0011341417208328153,0
8.853928972000006,-5.008046627044678,7.008009910583496,0.005050007253885269,0.18,-0.001119835674764147,0
8.904068934000009,-4.997383117675781,7.008063793182373,0.00498944940045476,0.18,-0.001106485165657034,0
8.95394736999998,-4.986717700958252,7.008116722106934,0.004928891081362963,0.18,-0.001091226376594534,0
9.004050396000025,-4.976050853729248,7.008169651031494,0.004869762808084488,0.18,-0.0010788276791586782,0
9.053934412999979,-4.965381622314453,7.00822114944458,0.004810635466128588,0.18,-0.0010635698214187528,0
9.103915260000008,-4.965381622314453,7.00822114944458,0.004810635466128588,0.18,-0.0010635698214187528,0
9.153942573999984,-4.954710960388184,7.008272647857666,0.004753415007144213,0.18,-0.0010521257296218778,0
9.203984099000024,-4.944038391113281,7.0083231925964355,0.004695717245340347,0.18,-0.0010378196835532094,0
9.253991203999988,-4.933363914489746,7.008373260498047,0.004638974089175463,0.18,-0.0010244691744460965,0
9.305797373000019,-4.922687530517578,7.0084228515625,0.0045822300016880035,0.18,-0.0010101631283774282,0
9.355773511999985,-4.912009239196777,7.008471488952637,0.004526916891336441,0.18,-0.0009968116879477407,0
9.405900214999974,-4.912009239196777,7.008471488952637,0.004526916891336441,0.18,-0.0009968116879477407,0
9.455793992999986,-4.901329517364502,7.008520126342773,0.004472557920962572,0.18,-0.0009853685274734403,0
9.505825243999993,-4.890647888183594,7.0085673332214355,0.004418675322085619,0.18,-0.0009720170870437528,0
9.555789182000012,-4.879964828491211,7.008614540100098,0.004364792723208666,0.18,-0.0009586656466140653,0
9.605805475000011,-4.869279861450195,7.008661270141602,0.004312340635806322,0.18,-0.0009472215548171903,0
9.655745399000011,-4.858593463897705,7.008707046508789,0.004259888548403978,0.18,-0.0009338701143875028,0
9.705727368999987,-4.858593463897705,7.008707046508789,0.004259888548403978,0.18,-0.0009338701143875028,0
9.756058506999977,-4.84790563583374,7.008752822875977,0.004208866972476244,0.18,-0.000923379696907034,0
9.805860361999976,-4.837215900421143,7.0087971687316895,0.004158322233706713,0.18,-0.0009109819307937528,0
9.855718619000015,-4.82652473449707,7.008841514587402,0.0041077774949371815,0.18,-0.0008985841646804715,0
9.905833329000018,-4.815832138061523,7.008885383605957,0.004057709593325853,0.18,-0.0008861863985671903,0
9.95578158699999,-4.805138111114502,7.008928298950195,0.004008118063211441,0.18,-0.0008728340268149282,0
10.005952938999997,-4.805138111114502,7.008928298950195,0.004008118063211441,0.18,-0.0008728340268149282,0
10.055705898999975,-4.794442176818848,7.008971214294434,0.003959480673074722,0.18,-0.0008613899350180532,0
10.106466323999996,-4.783744812011719,7.009013652801514,0.003911320120096207,0.18,-0.0008499458432211782,0
10.155789402999972,-4.773046016693115,7.009055137634277,0.003863636637106538,0.18,-0.0008375485427691842,0
10.205825602999994,-4.762345790863037,7.009096622467041,0.0038169065956026316,0.18,-0.0008270581252887155,0
10.25578982899998,-4.751644134521484,7.009137153625488,0.0037706533912569284,0.18,-0.0008156140334918405,0
10.305744061999974,-4.751644134521484,7.009137153625488,0.0037706533912569284,0.18,-0.0008156140334918405,0
10.355868303000022,-4.740941047668457,7.009177207946777,0.0037248770240694284,0.18,-0.0008041699416949655,0
10.405817506000005,-4.730236530303955,7.009217262268066,0.0036800543311983347,0.18,-0.000794633198530903,0
10.455923251999991,-4.719531059265137,7.009256362915039,0.0036352318711578846,0.18,-0.0007831895723953153,0
10.50582558299999,-4.708824157714844,7.0092949867248535,0.0035908857826143503,0.18,-0.000771745014937153,0
10.555704558000002,-4.698115825653076,7.009333610534668,0.003547970438376069,0.18,-0.0007631619460894967,0
10.605874289999974,-4.698115825653076,7.009333610534668,0.003547970438376069,0.18,-0.0007631619460894967,0
10.65621822899999,-4.687406063079834,7.009371280670166,0.003505531931295991,0.18,-0.0007536252029254342,0
10.70598382999998,-4.676695346832275,7.009408473968506,0.003463093424215913,0.18,-0.0007431347854449655,0
10.75599689400002,-4.665983200073242,7.009445667266846,0.003421131754294038,0.18,-0.000733598042280903,0
10.805901941000002,-4.655270099639893,7.009482383728027,0.003379646921530366,0.18,-0.0007240612991168405,0
10.855801505999978,-4.644555568695068,7.009518146514893,0.0033391157630831003,0.18,-0.000714524555952778,0
10.905888554,-4.644555568695068,7.009518146514893,0.0033391157630831003,0.18,-0.000714524555952778,0
10.955819916999985,-4.644555568695068,7.009518146514893,0.0033391157630831003,0.18,-0.000714524555952778,0
11.006094000000019,-4.623122692108154,7.009589672088623,0.0032590071205049753,0.18,-0.0006973584182574655,0
11.055899850999992,-4.6124043464660645,7.009624004364014,0.003219906473532319,0.18,-0.000687821675093403,0
11.108255166999982,-4.601685047149658,7.009658336639404,0.0031803289894014597,0.18,-0.0006773312576129342,0
11.15585443499998,-4.601685047149658,7.009658336639404,0.0031803289894014597,0.18,-0.0006773312576129342,0
11.20594272400001,-4.601685047149658,7.009658336639404,0.0031803289894014597,0.18,-0.0006773312576129342,0
11.256100942999979,-4.580243110656738,7.009726047515869,0.003103081602603197,0.18,-0.0006582582369460965,0
11.30608466000001,-4.569520473480225,7.009758949279785,0.0030654112342745066,0.18,-0.0006487210281207467,0
11.35618538,-4.5587968826293945,7.009791851043701,0.0030277410987764597,0.18,-0.0006391842849566842,0
11.40586831600001,-4.548072338104248,7.009824752807617,0.002990547800436616,0.18,-0.000630601216109028,0
11.455850747999989,-4.537346363067627,7.009856224060059,0.0029547850135713816,0.18,-0.0006220181472613717,0
11.506104307999976,-4.537346363067627,7.009856224060059,0.0029547850135713816,0.18,-0.0006220181472613717,0
11.555935911999995,-4.5266194343566895,7.0098876953125,0.0029190219938755035,0.18,-0.0006134346127524282,0
11.605991813000003,-4.5158915519714355,7.009919166564941,0.002883736276999116,0.18,-0.0006058056838824655,0
11.655954237000003,-4.505162715911865,7.009950160980225,0.002848926931619644,0.18,-0.0005981758236899282,0
11.705980931999989,-4.49443244934082,7.009980201721191,0.002814594889059663,0.18,-0.0005895932205035592,0
11.755913755999984,-4.49443244934082,7.009980201721191,0.002814594889059663,0.18,-0.0005895932205035592,0
11.805935953000017,-4.483701229095459,7.010010242462158,0.002780739450827241,0.18,-0.0005819638259723092,0
11.855937852000011,-4.4729695320129395,7.010040283203125,0.002747360849753022,0.18,-0.0005752881057574655,0
11.905953758999999,-4.462236404418945,7.010069847106934,0.0027139822486788034,0.18,-0.0005676587112262155,0
11.955931232000012,-4.451502323150635,7.010098457336426,0.002681557321920991,0.18,-0.0005600293166949655,0
12.005924676000006,-4.440767765045166,7.010127067565918,0.0026486555580049753,0.18,-0.0005514462478473092,0
12.055934373000014,-4.440767765045166,7.010127067565918,0.0026486555580049753,0.18,-0.0005514462478473092,0
12.105939411999998,-4.440767765045166,7.010127067565918,0.0026486555580049753,0.18,-0.0005514462478473092,0
12.156123551999997,-4.440767765045166,7.010127067565918,0.0026486555580049753,0.18,-0.0005514462478473092,0
12.205814961999977,-4.440767765045166,7.010127067565918,0.0026486555580049753,0.18,-0.0005514462478473092,0
12.255811843999993,-4.408557415008545,7.01021146774292,0.0025542418006807566,0.18,-0.000531419087202778,0
12.305979650999973,-4.408557415008545,7.01021146774292,0.0025542418006807566,0.18,-0.000531419087202778,0
12.35588072600001,-4.408557415008545,7.01021146774292,0.0025542418006807566,0.18,-0.000531419087202778,0
12.406430048999994,-4.408557415008545,7.01021146774292,0.0025542418006807566,0.18,-0.000531419087202778,0
12.455806897000002,-4.365597724914551,7.010318756103516,0.0024283567909151316,0.18,-0.0004942257888629342,0
12.505904790999978,-4.354856014251709,7.010344505310059,0.0023973623756319284,0.18,-0.0004837353713824655,0
12.556033206999984,-4.354856014251709,7.010344505310059,0.0023973623756319284,0.18,-0.0004837353713824655,0
12.60593703500001,-4.354856014251709,7.010344505310059,0.0023973623756319284,0.18,-0.0004837353713824655,0
12.656014287999994,-4.354856014251709,7.010344505310059,0.0023973623756319284,0.18,-0.0004837353713824655,0
12.705938801000002,-4.322625160217285,7.010420799255371,0.0023062864784151316,0.18,-0.0004541714675738717,0
12.756301074000021,-4.311880111694336,7.0104451179504395,0.0022771996445953846,0.18,-0.00044463519007109653,0
12.805963196999983,-4.311880111694336,7.0104451179504395,0.0022771996445953846,0.18,-0.00044463519007109653,0
12.856131134999998,-4.2903876304626465,7.010493755340576,0.0022228399757295847,0.18,-0.0004331906326129342,0
12.906085555000004,-4.279640197753906,7.0105180740356445,0.002196613699197769,0.18,-0.0004293754696860219,0
12.95610551499999,-4.26889181137085,7.0105414390563965,0.0021708649583160877,0.18,-0.0004246080294265653,0
13.00602249100001,-4.26889181137085,7.0105414390563965,0.0021708649583160877,0.18,-0.0004246080294265653,0
13.056245459000024,-4.258142948150635,7.01056432723999,0.0021465460304170847,0.18,-0.0004217465408160592,0
13.106019925999988,-4.2473931312561035,7.010587215423584,0.002121750498190522,0.18,-0.0004179318435504342,0
13.15604578,-4.236642837524414,7.010610103607178,0.002097431803122163,0.18,-0.0004150708206012155,0
13.205850741000006,-4.225891590118408,7.0106329917907715,0.0020731131080538034,0.18,-0.0004122097976519967,0
13.256072222,-4.225891590118408,7.0106329917907715,0.0020731131080538034,0.18,-0.0004122097976519967,0
13.306049544000018,-4.215139865875244,7.010655403137207,0.002049271250143647,0.18,-0.000409348774702778,0
13.35591304799999,-4.204387664794922,7.010676860809326,0.002024952555075288,0.18,-0.0004036267288043405,0
13.405966757999977,-4.193634510040283,7.010698318481445,0.0020015875343233347,0.18,-0.0003998120315387155,0
13.45598185099999,-4.182880878448486,7.0107197761535645,0.001977745909243822,0.18,-0.00039504412561797153,0
13.505931347,-4.172126293182373,7.010741233825684,0.0019548574928194284,0.18,-0.0003921826370074655,0
13.555572465000012,-4.172126293182373,7.010741233825684,0.0019548574928194284,0.18,-0.0003921826370074655,0
13.605929527,-4.16137170791626,7.010762691497803,0.0019314924720674753,0.18,-0.0003883679397418405,0
13.655928623000023,-4.150615692138672,7.0107831954956055,0.0019090811256319284,0.18,-0.0003845532424762155,0
13.705923844999973,-4.139859676361084,7.01080322265625,0.0018861929420381784,0.18,-0.000378831196577778,0
13.755882387999975,-4.12910270690918,7.0108232498168945,0.0018637815956026316,0.18,-0.0003740628249957467,0
13.806162901999983,-4.12910270690918,7.0108232498168945,0.0018637815956026316,0.18,-0.0003740628249957467,0
13.856026427000018,-4.1075873374938965,7.010863304138184,0.001819435739889741,0.18,-0.0003654797561480905,0
13.905921078000006,-4.1075873374938965,7.010863304138184,0.001819435739889741,0.18,-0.0003654797561480905,0
13.956338637999977,-4.1075873374938965,7.010863304138184,0.001819435739889741,0.18,-0.0003654797561480905,0
14.006136383000012,-4.086069583892822,7.010902404785156,0.0017760435584932566,0.18,-0.0003568966873004342,0
14.055915514999981,-4.0753092765808105,7.010921001434326,0.001754585886374116,0.18,-0.0003511746414019967,0
14.105906982000022,-4.064548969268799,7.010939598083496,0.0017331282142549753,0.18,-0.0003454525955035592,0
14.156042445000026,-4.053788185119629,7.010958194732666,0.0017126243328675628,0.18,-0.0003416381310685779,0
14.206173103000026,-4.053788185119629,7.010958194732666,0.0017126243328675628,0.18,-0.0003416381310685779,0
14.255867448999993,-4.043026447296143,7.010976791381836,0.0016921202186495066,0.18,-0.0003378232009723092,0
14.305886070999975,-4.043026447296143,7.010976791381836,0.0016921202186495066,0.18,-0.0003378232009723092,0
14.355871310999987,-4.043026447296143,7.010976791381836,0.0016921202186495066,0.18,-0.0003378232009723092,0
14.405852617999983,-4.010738372802734,7.011030673980713,0.0016320387367159128,0.18,-0.000325425434859028,0
14.455800322000016,-3.9999749660491943,7.011047840118408,0.0016124884132295847,0.18,-0.0003206570632769967,0
14.506000073999985,-3.9999749660491943,7.011047840118408,0.0016124884132295847,0.18,-0.0003206570632769967,0
14.555849759000012,-3.9999749660491943,7.011047840118408,0.0016124884132295847,0.18,-0.0003206570632769967,0
14.605957393999972,-3.9784462451934814,7.011082172393799,0.0015738647198304534,0.18,-0.00031207422725998413,0
14.655868697000017,-3.9784462451934814,7.011082172393799,0.0015738647198304534,0.18,-0.00031207422725998413,0
14.70594642399999,-3.9569151401519775,7.0111165046691895,0.0015361944679170847,0.18,-0.0003053982742144967,0
14.756051773000024,-3.9461491107940674,7.011133193969727,0.0015175978187471628,0.18,-0.0003015835769488717,0
14.805851668999992,-3.9461491107940674,7.011133193969727,0.0015175978187471628,0.18,-0.0003015835769488717,0
14.855868459000021,-3.93538236618042,7.011148929595947,0.001499478006735444,0.18,-0.0002968152053668405,0
14.905826548999983,-3.93538236618042,7.011148929595947,0.001499478006735444,0.18,-0.0002968152053668405,0
14.955875516999981,-3.9138476848602295,7.011180400848389,0.0014632384991273284,0.18,-0.00028727869503342163,0
15.005892309999979,-3.9030795097351074,7.011196136474609,0.0014455955242738128,0.18,-0.00028346399776779663,0
15.05578148799998,-3.8923110961914062,7.01121187210083,0.0014279524330049753,0.18,-0.000279649067671528,0
15.10586225100002,-3.8923110961914062,7.01121187210083,0.0014279524330049753,0.18,-0.000279649067671528,0
15.156014043000027,-3.881542205810547,7.011227607727051,0.0014107862953096628,0.18,-0.0002767880447223092,0
15.205944308000028,-3.87077260017395,7.0112433433532715,0.0013940969947725534,0.18,-0.0002748806960894967,0
15.255845795000027,-3.8600027561187744,7.011258125305176,0.001377407694235444,0.18,-0.0002710659988238717,0
15.305839145999983,-3.8600027561187744,7.011258125305176,0.001377407694235444,0.18,-0.0002710659988238717,0
15.35576666999998,-3.8384616374969482,7.011286735534668,0.0013449827674776316,0.18,-0.0002634366042926217,0
15.40591264599999,-3.8384616374969482,7.011286735534668,0.0013449827674776316,0.18,-0.0002634366042926217,0
15.455920776000028,-3.827690601348877,7.011301040649414,0.0013282934669405222,0.18,-0.0002586682327105905,0
15.505960007999988,-3.8169190883636475,7.01131534576416,0.001312557840719819,0.18,-0.0002558072097613717,0
15.55596153800002,-3.806147336959839,7.011329650878906,0.001296822214499116,0.18,-0.000252946186812153,0
15.60599473000002,-3.795374870300293,7.011343955993652,0.001281563425436616,0.18,-0.0002510388381793405,0
15.65577450500001,-3.784602165222168,7.011358261108398,0.001266304636374116,0.18,-0.000249131489546528,0
15.70613727,-3.784602165222168,7.011358261108398,0.001266304636374116,0.18,-0.000249131489546528,0
15.757567112000004,-3.7738289833068848,7.011372089385986,0.0012505690101534128,0.18,-0.000245316792280903,0
15.805903251000018,-3.7738289833068848,7.011372089385986,0.0012505690101534128,0.18,-0.000245316792280903,0
15.856026079999992,-3.752281665802002,7.011397838592529,0.001221005106344819,0.18,-0.00023768739774965297,0
15.905953470999975,-3.7415075302124023,7.011410713195801,0.001205746317282319,0.18,-0.00023291902616762172,0
15.955714629999989,-3.7307329177856445,7.011423587799072,0.0011914412025362253,0.18,-0.00023005800321840297,0
16.00587459100001,-3.7307329177856445,7.011423587799072,0.0011914412025362253,0.18,-0.00023005800321840297,0
16.056018741999992,-3.7199580669403076,7.011436462402344,0.0011771362042054534,0.18,-0.00022719721309982788,0
16.106020365000006,-3.7091827392578125,7.011449337005615,0.001163307810202241,0.18,-0.00022528963163637172,0
16.15588816600001,-3.6984071731567383,7.011462211608887,0.0011494795326143503,0.18,-0.00022338228300355922,0
16.205956241000024,-3.687631130218506,7.011475086212158,0.0011356512550264597,0.18,-0.00022147493437074672,0
16.255693310000026,-3.6768548488616943,7.0114874839782715,0.0011222998145967722,0.18,-0.00021956758573793422,0
16.305851932999985,-3.6768548488616943,7.0114874839782715,0.0011222998145967722,0.18,-0.00021956758573793422,0
16.356018673999984,-3.6768548488616943,7.0114874839782715,0.0011222998145967722,0.18,-0.00021956758573793422,0
16.405759640999975,-3.6768548488616943,7.0114874839782715,0.0011222998145967722,0.18,-0.00021956758573793422,0
16.455886851000002,-3.644523859024048,7.011521816253662,0.0010817686561495066,0.18,-0.00020716981962465297,0
16.505931327999974,-3.633746385574341,7.011533260345459,0.0010688940528780222,0.18,-0.00020430879667543422,0
16.55605515000002,-3.6229681968688965,7.011544704437256,0.0010555424960330129,0.18,-0.00020049386657916557,0
16.60589896800002,-3.6229681968688965,7.011544704437256,0.0010555424960330129,0.18,-0.00020049386657916557,0
16.655867129,-3.612190008163452,7.011556148529053,0.0010431448463350534,0.18,-0.00019858675077699672,0
16.705956592000007,-3.6014113426208496,7.01156759262085,0.001030747196637094,0.18,-0.00019667963497482788,0
16.755926267999996,-3.590632438659668,7.0115790367126465,0.0010183494305238128,0.18,-0.00019477228634201538,0
16.805894867000006,-3.590632438659668,7.0115790367126465,0.0010183494305238128,0.18,-0.00019477228634201538,0
16.856266283000025,-3.5690736770629883,7.01160192489624,0.0009945074561983347,0.18,-0.00019286470487855922,0
16.906012625000017,-3.5690736770629883,7.01160192489624,0.0009945074561983347,0.18,-0.00019286470487855922,0
16.955942918000005,-3.5582940578460693,7.011612415313721,0.0009825865272432566,0.18,-0.00019000368192934047,0
17.005908257999977,-3.547513961791992,7.011622428894043,0.0009711424936540425,0.18,-0.00018714277539544355,0
17.055819337999992,-3.536733627319336,7.011632442474365,0.0009592215646989644,0.18,-0.00018332807812981855,0
17.105959102999975,-3.5259530544281006,7.0116424560546875,0.0009477774729020894,0.18,-0.0001804670551805998,0
17.15583144300001,-3.515172004699707,7.01165246963501,0.0009358564857393503,0.18,-0.00017665224149965297,0
17.205932843000028,-3.515172004699707,7.01165246963501,0.0009358564857393503,0.18,-0.00017665224149965297,0
17.255885239999998,-3.5043909549713135,7.011662483215332,0.0009248892311006784,0.18,-0.00017474489286684047,0
17.305853746000025,-3.4936094284057617,7.011672496795654,0.0009139219764620066,0.18,-0.00017283754423402797,0
17.355901625,-3.482827663421631,7.011682510375977,0.0009034315589815378,0.18,-0.00017188386991762172,0
17.406038205000016,-3.4720458984375,7.011692523956299,0.0008919874671846628,0.18,-0.00016902284696840297,0
17.45589744199998,-3.461263656616211,7.011702537536621,0.0008814970497041941,0.18,-0.00016806917265199672,0
17.505956760999993,-3.461263656616211,7.011702537536621,0.0008814970497041941,0.18,-0.00016806917265199672,0
17.556018694999977,-3.4504811763763428,7.011712551116943,0.0008714834693819284,0.18,-0.00016806917265199672,0
17.605929371000002,-3.4396986961364746,7.011722564697266,0.0008609930519014597,0.18,-0.00016711549833559047,0
17.65590334799998,-3.428915500640869,7.011731147766113,0.0008505026344209909,0.18,-0.00016330080106996547,0
17.705928453000013,-3.4181323051452637,7.011739730834961,0.0008400122169405222,0.18,-0.00015948610380434047,0
17.755900822,-3.407349109649658,7.011748313903809,0.0008299986948259175,0.18,-0.00015662519727044355,0
17.80633375100001,-3.407349109649658,7.011748313903809,0.0008299986948259175,0.18,-0.00015662519727044355,0
17.855883452,-3.3965651988983154,7.011756896972656,0.0008199851145036519,0.18,-0.0001537641743212248,0
17.906038234999983,-3.3857812881469727,7.011765480041504,0.0008099715341813862,0.18,-0.00015090315137200605,0
17.955915041000026,-3.37499737739563,7.011774063110352,0.0008004347328096628,0.18,-0.00014899568632387172,0
18.00580437000002,-3.364212989807129,7.011782646179199,0.0007908979896456003,0.18,-0.00014708833769105922,0
18.056179922000013,-3.364212989807129,7.011782646179199,0.0007908979896456003,0.18,-0.00014708833769105922,0
18.105934982000008,-3.353428363800049,7.011791229248047,0.0007818380836397409,0.18,-0.00014613466337465297,0
18.156013117999976,-3.3426437377929688,7.0117998123168945,0.0007723013404756784,0.18,-0.00014422731474184047,0
18.205929728,-3.3318586349487305,7.011808395385742,0.0007632414344698191,0.18,-0.00014327364042543422,0
18.255827881000016,-3.321073293685913,7.01181697845459,0.0007541815284639597,0.18,-0.00014231996610902797,0
18.305834088999973,-3.3102879524230957,7.0118255615234375,0.0007451216224581003,0.18,-0.00014136629179262172,0
18.355769204000012,-3.2995026111602783,7.011834144592285,0.0007360617164522409,0.18,-0.00014041261747621547,0
18.405872546000012,-3.2995026111602783,7.011834144592285,0.0007360617164522409,0.18,-0.00014041261747621547,0
18.45594730800002,-3.2887165546417236,7.011842727661133,0.0007274786476045847,0.18,-0.00014041261747621547,0
18.505903123999985,-3.277930498123169,7.011849880218506,0.0007184187415987253,0.18,-0.00013659792021059047,0
18.555939361000014,-3.2671444416046143,7.011857032775879,0.0007098356727510691,0.18,-0.00013373689726137172,0
18.605880320999972,-3.2563579082489014,7.011864185333252,0.0007017294410616159,0.18,-0.00013182954862855922,0
18.656043092000004,-3.2455711364746094,7.011871337890625,0.0006931463722139597,0.18,-0.00012896852567934047,0
18.706122454000024,-3.2455711364746094,7.011871337890625,0.0006931463722139597,0.18,-0.00012896852567934047,0
18.755974148000007,-3.2347843647003174,7.011878490447998,0.0006845633033663034,0.18,-0.00012610750273012172,0
18.80592543199998,-3.2239975929260254,7.011885643005371,0.0006764570716768503,0.18,-0.00012420015409730922,0
18.855858146000003,-3.213210344314575,7.011892795562744,0.0006678740028291941,0.18,-0.00012133913114809047,0
18.905933200999982,-3.202422857284546,7.011899948120117,0.0006607214454561472,0.18,-0.00012133913114809047,0
18.956090629000016,-3.1916353702545166,7.01190710067749,0.0006526152137666941,0.18,-0.00011943178251527797,0
19.005794756,-3.1916353702545166,7.01190710067749,0.0006526152137666941,0.18,-0.00011943178251527797,0
19.055923361999987,-3.1808478832244873,7.011914253234863,0.0006449857610277832,0.18,-0.0001184779917835499,0
19.106106953999983,-3.1700599193573,7.011921405792236,0.00063687952933833,0.18,-0.0001165706431507374,0
19.155969878000008,-3.159271717071533,7.011928558349609,0.0006297270301729441,0.18,-0.00011657075956605922,0
19.205865769000013,-3.159271717071533,7.011928558349609,0.0006297270301729441,0.18,-0.00011657075956605922,0
19.255821460999982,-3.1376953125,7.0119428634643555,0.0006154219736345112,0.18,-0.00011657087598138105,0
19.30600592600001,-3.1376953125,7.0119428634643555,0.0006154219736345112,0.18,-0.00011657087598138105,0
19.355945041999973,-3.1269068717956543,7.0119500160217285,0.0006077925791032612,0.18,-0.0001156172016649748,0
19.406511584999976,-3.1161179542541504,7.011957168579102,0.0006001631845720112,0.18,-0.00011466352734856855,0
19.45592819799998,-3.1053290367126465,7.011963844299316,0.0005930106271989644,0.18,-0.0001137098530321623,0
19.50592276499998,-3.0945401191711426,7.011969566345215,0.0005858580698259175,0.18,-0.00011084883008294355,0
19.555760341999985,-3.0837512016296387,7.011975288391113,0.0005787055124528706,0.18,-0.0001079878071337248,0
19.60594225599999,-3.0837512016296387,7.011975288391113,0.0005787055124528706,0.18,-0.0001079878071337248,0
19.655980754999973,-3.0729615688323975,7.011981010437012,0.0005715529550798237,0.18,-0.00010512678418450605,0
19.70606923600002,-3.0621719360351562,7.01198673248291,0.00056487723486498,0.18,-0.00010321943555169355,0
19.75637357400001,-3.051382303237915,7.011992454528809,0.0005577246774919331,0.18,-0.0001003584126024748,0
19.805853840999987,-3.040592670440674,7.011998176574707,0.0005505721201188862,0.18,-9.749738965325605e-05,0
19.855915127999992,-3.0298030376434326,7.0120038986206055,0.0005443731788545847,0.18,-9.654359892152797e-05,0
19.905828735,-3.0298030376434326,7.0120038986206055,0.0005443731788545847,0.18,-9.654359892152797e-05,0
19.955938328000002,-3.019012689590454,7.012009620666504,0.0005381742957979441,0.18,-9.558992460512172e-05,0
20.00593392899998,-3.0082223415374756,7.012015342712402,0.0005314985755831003,0.18,-9.368257597230922e-05,0
20.05593349899999,-2.997431993484497,7.012021064758301,0.0005257765296846628,0.18,-9.368257597230922e-05,0
20.105893804000004,-2.9866416454315186,7.012026786804199,0.0005195776466280222,0.18,-9.272890165590297e-05,0
20.155811729999982,-2.97585129737854,7.012032508850098,0.0005133787635713816,0.18,-9.177522733949672e-05,0
20.205865136,-2.97585129737854,7.012032508850098,0.0005133787635713816,0.18,-9.177522733949672e-05,0
20.25601756200001,-2.965060234069824,7.012038230895996,0.0005076567176729441,0.18,-9.177522733949672e-05,0
20.305846562,-2.9542691707611084,7.0120439529418945,0.0005019346717745066,0.18,-9.177522733949672e-05,0
20.355911805999995,-2.9542691707611084,7.0120439529418945,0.0005019346717745066,0.18,-9.177522733949672e-05,0
20.40588049500002,-2.9326870441436768,7.012055397033691,0.0004900137428194284,0.18,-9.082155302309047e-05,0
20.455740089000017,-2.921895980834961,7.01206111907959,0.0004842917260248214,0.18,-9.082161123075139e-05,0
20.506246653000005,-2.921895980834961,7.01206111907959,0.0004842917260248214,0.18,-9.082161123075139e-05,0
20.556041096,-2.911104679107666,7.012066841125488,0.0004785696801263839,0.18,-9.082161123075139e-05,0
20.605874063999977,-2.900312900543213,7.012072563171387,0.0004723707970697433,0.18,-8.986793691434514e-05,0
20.655977658999973,-2.8895211219787598,7.012078285217285,0.0004666487511713058,0.18,-8.986793691434514e-05,0
20.70581617800002,-2.8787293434143066,7.012083530426025,0.0004609267052728683,0.18,-8.891426259793889e-05,0
20.755821690000005,-2.8679375648498535,7.012087821960449,0.00045472782221622765,0.18,-8.509956533231389e-05,0
20.805992935000006,-2.8679375648498535,7.012087821960449,0.00045472782221622765,0.18,-8.509956533231389e-05,0
20.855841431999977,-2.8679375648498535,7.012087821960449,0.00045472782221622765,0.18,-8.509956533231389e-05,0
20.90591441800001,-2.8463540077209473,7.012096405029297,0.0004437605675775558,0.18,-8.033119375028264e-05,0
20.955860764000022,-2.835561513900757,7.012100696563721,0.0004385153588373214,0.18,-7.842384511747014e-05,0
21.005887977999976,-2.8247690200805664,7.0121049880981445,0.000433270150097087,0.18,-7.651649648465764e-05,0
21.05581060100002,-2.813976526260376,7.012109279632568,0.0004275481041986495,0.18,-7.365547353543889e-05,0
21.105921437999996,-2.813976526260376,7.012109279632568,0.0004275481041986495,0.18,-7.365547353543889e-05,0
21.15591244000001,-2.8031840324401855,7.012113571166992,0.0004223028663545847,0.18,-7.174806669496547e-05,0
21.205861361000018,-2.792391538619995,7.012117862701416,0.00041753449477255344,0.18,-7.079439237855922e-05,0
21.25582263000001,-2.792391538619995,7.012117862701416,0.00041753449477255344,0.18,-7.079439237855922e-05,0
21.305975099000023,-2.7815990447998047,7.01212215423584,0.0004127661231905222,0.18,-6.984071806215297e-05,0
21.355800112999987,-2.770806312561035,7.012126445770264,0.00040847458876669407,0.18,-6.984071806215297e-05,0
21.406022099999973,-2.7600131034851074,7.0121307373046875,0.0004037062171846628,0.18,-6.888704374574672e-05,0
21.455825559999994,-2.7600131034851074,7.0121307373046875,0.0004037062171846628,0.18,-6.888704374574672e-05,0
21.505884784999978,-2.738426685333252,7.012139320373535,0.00039464631117880344,0.18,-6.793336942934047e-05,0
21.555882939000014,-2.727633476257324,7.012143611907959,0.0003898779395967722,0.18,-6.697969511293422e-05,0
21.605813665000028,-2.7168402671813965,7.012147903442383,0.00038558640517294407,0.18,-6.697969511293422e-05,0
21.65579601500002,-2.7060470581054688,7.012152194976807,0.0003808180335909128,0.18,-6.602602079652797e-05,0
21.705886760999988,-2.7060470581054688,7.012152194976807,0.0003808180335909128,0.18,-6.602602079652797e-05,0
21.756479694999996,-2.695253849029541,7.0121564865112305,0.0003765264991670847,0.18,-6.602602079652797e-05,0
21.80958667499999,-2.684459924697876,7.012160778045654,0.00037223496474325657,0.18,-6.602602079652797e-05,0
21.856232444,-2.673666000366211,7.012165069580078,0.00036794343031942844,0.18,-6.602602079652797e-05,0
21.90590734699998,-2.662872076034546,7.012169361114502,0.0003636518958956003,0.18,-6.602602079652797e-05,0
21.955877337999993,-2.652078151702881,7.012173652648926,0.0003593603614717722,0.18,-6.602602079652797e-05,0
22.005929686,-2.652078151702881,7.012173652648926,0.0003593603614717722,0.18,-6.602602079652797e-05,0
22.055910063,-2.641284227371216,7.01217794418335,0.00035459198988974094,0.18,-6.507234648012172e-05,0
22.105930892000003,-2.630490303039551,7.012182235717773,0.0003503004554659128,0.18,-6.507234648012172e-05,0
22.15590300299999,-2.6196963787078857,7.012186527252197,0.0003464857582002878,0.18,-6.602602079652797e-05,0
22.205894854999997,-2.6089024543762207,7.012190818786621,0.0003421942237764597,0.18,-6.602602079652797e-05,0
22.255814190000024,-2.5981080532073975,7.012195110321045,0.00033790268935263157,0.18,-6.602602079652797e-05,0
22.309219413999983,-2.5981080532073975,7.012195110321045,0.00033790268935263157,0.18,-6.602602079652797e-05,0
22.356058492999978,-2.5981080532073975,7.012195110321045,0.00033790268935263157,0.18,-6.602602079652797e-05,0
22.406090955000025,-2.5981080532073975,7.012195110321045,0.00033790268935263157,0.18,-6.602602079652797e-05,0
22.455886683000017,-2.5657241344451904,7.012206077575684,0.0003250280860811472,0.18,-6.221132353090297e-05,0
22.505896775999986,-2.554929494857788,7.012208938598633,0.00032073655165731907,0.18,-5.935030058168422e-05,0
22.55597684999998,-2.5441348552703857,7.012211799621582,0.00031692185439169407,0.18,-5.744295194887172e-05,0
22.60604715400001,-2.5441348552703857,7.012211799621582,0.00031692185439169407,0.18,-5.744295194887172e-05,0
22.656056966999984,-2.5333402156829834,7.012214660644531,0.00031263031996786594,0.18,-5.458192899965297e-05,0
22.705937011000003,-2.522545576095581,7.0122175216674805,0.00030881562270224094,0.18,-5.267458036684047e-05,0
22.755905159000008,-2.5117509365081787,7.01222038269043,0.00030547776259481907,0.18,-5.172090605043422e-05,0
22.80904536899999,-2.5009560585021973,7.012223243713379,0.00030166306532919407,0.18,-4.981355741762172e-05,0
22.856000599000026,-2.5009560585021973,7.012223243713379,0.00030166306532919407,0.18,-4.981355741762172e-05,0
22.90585725400001,-2.5009560585021973,7.012223243713379,0.00030166306532919407,0.18,-4.981355741762172e-05,0
22.956012600999998,-2.479365348815918,7.012228965759277,0.0002945105079561472,0.18,-4.695253446840297e-05,0
23.006061767999995,-2.4685699939727783,7.012231826782227,0.0002911726478487253,0.18,-4.599886015199672e-05,0
23.055914101999974,-2.4577746391296387,7.012234687805176,0.00028783478774130344,0.18,-4.504518583559047e-05,0
23.105959486000017,-2.446979284286499,7.012237548828125,0.00028449692763388157,0.18,-4.409151151918422e-05,0
23.155837339000016,-2.4361839294433594,7.012240409851074,0.0002816359046846628,0.18,-4.409151151918422e-05,0
23.206136610999977,-2.4361839294433594,7.012240409851074,0.0002816359046846628,0.18,-4.409151151918422e-05,0
23.255854413999998,-2.4253885746002197,7.012243270874023,0.00027877488173544407,0.18,-4.409151151918422e-05,0
23.305883531999996,-2.41459321975708,7.012246131896973,0.0002754370216280222,0.18,-4.313783720277797e-05,0
23.355836953999983,-2.4037978649139404,7.012248992919922,0.00027257599867880344,0.18,-4.313783720277797e-05,0
23.40586840399999,-2.4037978649139404,7.012248992919922,0.00027257599867880344,0.18,-4.313783720277797e-05,0
23.455911996999987,-2.382206678390503,7.01225471496582,0.00026685395278036594,0.18,-4.313783720277797e-05,0
23.505944059,-2.382206678390503,7.01225471496582,0.00026685395278036594,0.18,-4.313783720277797e-05,0
23.55607726599999,-2.371410608291626,7.0122575759887695,0.00026351609267294407,0.18,-4.218416288637172e-05,0
23.60589250700002,-2.360614538192749,7.012260437011719,0.00026113190688192844,0.18,-4.313783720277797e-05,0
23.655877395000005,-2.349818468093872,7.012263298034668,0.00025779404677450657,0.18,-4.218416288637172e-05,0
23.705871442999978,-2.339022397994995,7.012266159057617,0.00025540986098349094,0.18,-4.313783720277797e-05,0
23.75584763500001,-2.328226327896118,7.012269020080566,0.0002525488380342722,0.18,-4.313783720277797e-05,0
23.805916636999996,-2.328226327896118,7.012269020080566,0.0002525488380342722,0.18,-4.313783720277797e-05,0
23.855875688000026,-2.317430257797241,7.012271881103516,0.0002492109779268503,0.18,-4.218416288637172e-05,0
23.905932142999973,-2.3066341876983643,7.012274742126465,0.0002468267921358347,0.18,-4.313783720277797e-05,0
23.955909901999973,-2.2958381175994873,7.012277603149414,0.00024348894658032805,0.18,-4.218419199020218e-05,0
24.00588587599998,-2.2850420475006104,7.012280464172363,0.0002406279236311093,0.18,-4.218419199020218e-05,0
24.05584841199999,-2.2742459774017334,7.0122833251953125,0.00023824373784009367,0.18,-4.313786630660843e-05,0
24.106056662000015,-2.2742459774017334,7.0122833251953125,0.00023824373784009367,0.18,-4.313786630660843e-05,0
24.155896256999995,-2.2634499073028564,7.012286186218262,0.0002349058777326718,0.18,-4.218419199020218e-05,0
24.205918838000002,-2.2526538372039795,7.012289047241211,0.00023204485478345305,0.18,-4.218419199020218e-05,0
24.255942961000017,-2.2418572902679443,7.01229190826416,0.00022966066899243742,0.18,-4.313786630660843e-05,0
24.305959287000007,-2.23106050491333,7.012294769287109,0.00022632280888501555,0.18,-4.218419199020218e-05,0
24.356027197999992,-2.23106050491333,7.012294769287109,0.00022632280888501555,0.18,-4.218419199020218e-05,0
24.405881881000028,-2.220263719558716,7.012297630310059,0.00022393862309399992,0.18,-4.313786630660843e-05,0
24.455923242999972,-2.2094669342041016,7.012300491333008,0.00022107760014478117,0.18,-4.313786630660843e-05,0
24.505963830999974,-2.1986701488494873,7.012303352355957,0.00021821657719556242,0.18,-4.313786630660843e-05,0
24.555948746000013,-2.1986701488494873,7.012303352355957,0.00021821657719556242,0.18,-4.313786630660843e-05,0
24.60586427999999,-2.177076578140259,7.0123090744018555,0.00021249453129712492,0.18,-4.313786630660843e-05,0
24.65593225600003,-2.1662797927856445,7.012311935424805,0.0002101103455061093,0.18,-4.409154062301468e-05,0
24.705905563999977,-2.1662797927856445,7.012311935424805,0.0002101103455061093,0.18,-4.409154062301468e-05,0
24.755769670999996,-2.1554830074310303,7.012314796447754,0.00020677248539868742,0.18,-4.313786630660843e-05,0
24.805869712000003,-2.144686222076416,7.012317657470703,0.00020391146244946867,0.18,-4.313786630660843e-05,0
24.855817877999982,-2.1338894367218018,7.012320518493652,0.00020105043950024992,0.18,-4.313786630660843e-05,0
24.90582901099998,-2.1338894367218018,7.012320518493652,0.00020105043950024992,0.18,-4.313786630660843e-05,0
24.955847700999982,-2.1122958660125732,7.012324810028076,0.00019532839360181242,0.18,-4.027684335738968e-05,0
25.00611747800002,-2.1122958660125732,7.012324810028076,0.00019532839360181242,0.18,-4.027684335738968e-05,0
25.055997161999983,-2.101499080657959,7.012326240539551,0.0001929442078107968,0.18,-3.836949472457718e-05,0
25.105937287000017,-2.0907022953033447,7.012327671051025,0.00019008318486157805,0.18,-3.550847177535843e-05,0
25.156000472000017,-2.0799055099487305,7.0123291015625,0.00018769899907056242,0.18,-3.360112314254593e-05,0
25.20601121499999,-2.069108009338379,7.012330532073975,0.00018483797612134367,0.18,-3.074010019332718e-05,0
25.255850440000017,-2.0583105087280273,7.012331962585449,0.00018197695317212492,0.18,-2.787907724410843e-05,0
25.306075763000024,-2.0583105087280273,7.012331962585449,0.00018197695317212492,0.18,-2.787907724410843e-05,0
25.355847399000027,-2.047513008117676,7.012333393096924,0.00018006960453931242,0.18,-2.692540292770218e-05,0
25.40594747199998,-2.036715507507324,7.012334823608398,0.00017816225590649992,0.18,-2.597172861129593e-05,0
25.455848763000006,-2.0259180068969727,7.012336254119873,0.00017625490727368742,0.18,-2.501805429488968e-05,0
25.505801213999973,-2.015120506286621,7.012337684631348,0.00017434755864087492,0.18,-2.406437997848343e-05,0
25.555836813999974,-2.0043230056762695,7.012339115142822,0.00017244021000806242,0.18,-2.311070566207718e-05,0
25.605903151999996,-2.0043230056762695,7.012339115142822,0.00017244021000806242,0.18,-2.311070566207718e-05,0
25.655895163000025,-1.993525505065918,7.012340545654297,0.00017100969853345305,0.18,-2.311070566207718e-05,0
25.707821620000004,-1.9827280044555664,7.0123419761657715,0.00016910234990064055,0.18,-2.215703134567093e-05,0
25.755949867000027,-1.9719305038452148,7.012343406677246,0.00016719500126782805,0.18,-2.120335702926468e-05,0
25.805954928999995,-1.9611330032348633,7.012344837188721,0.00016576448979321867,0.18,-2.120335702926468e-05,0
25.855781433000004,-1.9611330032348633,7.012344837188721,0.00016576448979321867,0.18,-2.120335702926468e-05,0
25.90605251400001,-1.9611330032348633,7.012344837188721,0.00016576448979321867,0.18,-2.120335702926468e-05,0
25.955777399999988,-1.9395380020141602,7.01234769821167,0.0001624266296857968,0.18,-2.024968271285843e-05,0
26.005913512000006,-1.9287405014038086,7.0123491287231445,0.00016099611821118742,0.18,-2.024968271285843e-05,0
26.056008077,-1.917943000793457,7.012350559234619,0.00016004244389478117,0.18,-2.120335702926468e-05,0
26.105792630999986,-1.9071450233459473,7.012351989746094,0.00015813509526196867,0.18,-2.024968271285843e-05,0
26.155838081000013,-1.8963470458984375,7.012353420257568,0.0001567045837873593,0.18,-2.024968271285843e-05,0
26.206037756,-1.8963470458984375,7.012353420257568,0.0001567045837873593,0.18,-2.024968271285843e-05,0
26.255793455000003,-1.885549545288086,7.012354850769043,0.00015527407231274992,0.18,-2.024968271285843e-05,0
26.30591818900001,-1.8747515678405762,7.012356281280518,0.00015336672367993742,0.18,-1.929600839645218e-05,0
26.355917737000027,-1.8639535903930664,7.012357711791992,0.00015241304936353117,0.18,-2.024968271285843e-05,0
26.405933290000007,-1.8639535903930664,7.012357711791992,0.00015241304936353117,0.18,-2.024968271285843e-05,0
26.455798141000002,-1.8423576354980469,7.012360572814941,0.0001490751892561093,0.18,-1.929600839645218e-05,0
26.505998288,-1.8423576354980469,7.012360572814941,0.0001490751892561093,0.18,-1.929600839645218e-05,0
26.555878792999977,-1.8315601348876953,7.012362003326416,0.00014812151493970305,0.18,-2.024968271285843e-05,0
26.605913903999976,-1.8207621574401855,7.012363433837891,0.00014669100346509367,0.18,-2.024968271285843e-05,0
26.65589447100001,-1.8099641799926758,7.012364864349365,0.00014478365483228117,0.18,-1.929600839645218e-05,0
26.705938763000006,-1.7991666793823242,7.01236629486084,0.00014382998051587492,0.18,-2.024968271285843e-05,0
26.75574532799999,-1.7883682250976562,7.0123677253723145,0.00014239946904126555,0.18,-2.024968271285843e-05,0
26.805861236,-1.7883682250976562,7.0123677253723145,0.00014239946904126555,0.18,-2.024968271285843e-05,0
26.855813575000013,-1.7775702476501465,7.012369155883789,0.00014049212040845305,0.18,-1.929600839645218e-05,0
26.90600650800002,-1.7667717933654785,7.012370586395264,0.0001395384460920468,0.18,-2.024968271285843e-05,0
26.955880563999983,-1.7559738159179688,7.012372016906738,0.00013810793461743742,0.18,-2.024968271285843e-05,0
27.00580387299999,-1.7451753616333008,7.012373447418213,0.00013620058598462492,0.18,-1.929600839645218e-05,0
27.055882693,-1.734377384185791,7.0123748779296875,0.00013524691166821867,0.18,-2.024968271285843e-05,0
27.105900254999995,-1.734377384185791,7.0123748779296875,0.00013524691166821867,0.18,-2.024968271285843e-05,0
27.155813565000017,-1.723578929901123,7.012376308441162,0.0001338164001936093,0.18,-2.024968271285843e-05,0
27.205916391000017,-1.7127809524536133,7.012377738952637,0.0001319090515607968,0.18,-1.929600839645218e-05,0
27.255841891999978,-1.7019824981689453,7.012379169464111,0.00013095537724439055,0.18,-2.024968271285843e-05,0
27.305832045999978,-1.6911845207214355,7.012380599975586,0.00012952486576978117,0.18,-2.024968271285843e-05,0
27.35591586999999,-1.6911845207214355,7.012380599975586,0.00012952486576978117,0.18,-2.024968271285843e-05,0
27.40593074200001,-1.6911845207214355,7.012380599975586,0.00012952486576978117,0.18,-2.024968271285843e-05,0
27.455774682000026,-1.6803860664367676,7.0123820304870605,0.00012857119145337492,0.18,-2.120335702926468e-05,0
27.505874071999983,-1.6803860664367676,7.0123820304870605,0.00012857119145337492,0.18,-2.120335702926468e-05,0
27.55594692599999,-1.64799165725708,7.012386322021484,0.0001242796570295468,0.18,-2.120335702926468e-05,0
27.605822937000028,-1.637193202972412,7.012387752532959,0.0001223723083967343,0.18,-2.024968271285843e-05,0
27.655788938,-1.626394271850586,7.012389183044434,0.00012094178964616731,0.18,-2.02496681609432e-05,0
27.70597882300001,-1.626394271850586,7.012389183044434,0.00012094178964616731,0.18,-2.02496681609432e-05,0
27.756082030000016,-1.626394271850586,7.012389183044434,0.00012094178964616731,0.18,-2.02496681609432e-05,0
27.805933755000012,-1.60479736328125,7.012392044067383,0.00011808076669694856,0.18,-2.02496681609432e-05,0
27.855856030999973,-1.593998908996582,7.012393474578857,0.00011712709238054231,0.18,-2.120334247734945e-05,0
27.905868742999985,-1.593998908996582,7.012393474578857,0.00011712709238054231,0.18,-2.120334247734945e-05,0
27.955864376000022,-1.593998908996582,7.012393474578857,0.00011712709238054231,0.18,-2.120334247734945e-05,0
28.00584382300002,-1.572401523590088,7.012396335601807,0.00011426606943132356,0.18,-2.120334247734945e-05,0
28.05590954799999,-1.56160306930542,7.012397766113281,0.00011283555795671418,0.18,-2.120334247734945e-05,0
28.106005803000016,-1.550804615020752,7.012399196624756,0.00011140504648210481,0.18,-2.120334247734945e-05,0
28.155936266000026,-1.5400056838989258,7.0124006271362305,0.00010997453500749543,0.18,-2.120334247734945e-05,0
28.205964085000005,-1.5292072296142578,7.012402057647705,0.00010854402353288606,0.18,-2.120334247734945e-05,0
28.255800898000018,-1.5184087753295898,7.01240348815918,0.00010711351205827668,0.18,-2.120334247734945e-05,0
28.30590496000002,-1.5184087753295898,7.01240348815918,0.00010711351205827668,0.18,-2.120334247734945e-05,0
28.356075585999974,-1.5076103210449219,7.012404918670654,0.00010568300058366731,0.18,-2.120334247734945e-05,0
28.405973098999993,-1.5076103210449219,7.012404918670654,0.00010568300058366731,0.18,-2.120334247734945e-05,0
28.455957816000023,-1.4860129356384277,7.0124077796936035,0.00010282197763444856,0.18,-2.120334247734945e-05,0
28.505808457,-1.4752144813537598,7.012409210205078,0.00010139146615983918,0.18,-2.120334247734945e-05,0
28.55581741100002,-1.4644160270690918,7.012410640716553,9.996095468522981e-05,0.18,-2.120334247734945e-05,0
28.605995861999986,-1.4644160270690918,7.012410640716553,9.996095468522981e-05,0.18,-2.120334247734945e-05,0
28.655805342999997,-1.4536170959472656,7.012412071228027,9.861856960924342e-05,0.18,-2.137959527459543e-05,0
28.705902100999992,-1.4428186416625977,7.012413501739502,9.7207426733803e-05,0.18,-2.1418332472933344e-05,0
28.75606376799999,-1.4320192337036133,7.012414932250977,9.579478501109406e-05,0.18,-2.1454071976734213e-05,0
28.805793779999988,-1.4212207794189453,7.012416362762451,9.437707194592804e-05,0.18,-2.147966879562091e-05,0
28.85754616700001,-1.410421371459961,7.012417793273926,9.295930794905871e-05,0.18,-2.150516375110101e-05,0
28.90587351099998,-1.410421371459961,7.012417793273926,9.295930794905871e-05,0.18,-2.150516375110101e-05,0
28.956059899000024,-1.399622917175293,7.0124192237854,9.154132567346096e-05,0.18,-2.1530222149124256e-05,0
29.006026334000012,-1.3888235092163086,7.012420654296875,9.012425289256498e-05,0.18,-2.155709953655105e-05,0
29.05590812600002,-1.3780250549316406,7.01242208480835,8.870803867466748e-05,0.18,-2.158569404997479e-05,0
29.105870535000008,-1.3672256469726562,7.012423515319824,8.729100954951718e-05,0.18,-2.1612658748892954e-05,0
29.155854417,-1.3564271926879883,7.012424945831299,8.58732673805207e-05,0.18,-2.1638197360118738e-05,0
29.205911958,-1.3564271926879883,7.012424945831299,8.58732673805207e-05,0.18,-2.1638197360118738e-05,0
29.255898107999997,-1.345627784729004,7.012426376342773,8.445544517599046e-05,0.18,-2.166357590027701e-05,0
29.305932025000004,-1.334829330444336,7.012427806854248,8.303784852614626e-05,0.18,-2.168940554980736e-05,0
29.35627588,-1.3240299224853516,7.012429237365723,8.16210886114277e-05,0.18,-2.1716908669588975e-05,0
29.405869214000006,-1.3240299224853516,7.012429237365723,8.16210886114277e-05,0.18,-2.1716908669588975e-05,0
29.455879131000017,-1.3240299224853516,7.012429237365723,8.16210886114277e-05,0.18,-2.1716908669588975e-05,0
29.505988806000005,-1.3024320602416992,7.012432098388672,7.879070471972227e-05,0.18,-2.1778186784615627e-05,0
29.555896725000025,-1.2916336059570312,7.0124335289001465,7.737643318250775e-05,0.18,-2.1810666659405342e-05,0
29.605991519999975,-1.2808341979980469,7.012434959411621,7.596241630380973e-05,0.18,-2.184365585122805e-05,0
29.655921846000012,-1.270035743713379,7.012436389923096,7.454704609699547e-05,0.18,-2.187393838681828e-05,0
29.70597680999998,-1.2592363357543945,7.01243782043457,7.313091919058934e-05,0.18,-2.1902707523224763e-05,0
29.756012395000027,-1.2592363357543945,7.01243782043457,7.313091919058934e-05,0.18,-2.1902707523224763e-05,0
29.805699947999983,-1.2484378814697266,7.012439250946045,7.171393372118473e-05,0.18,-2.1929759533634297e-05,0
29.855941293,-1.2376384735107422,7.0124406814575195,7.029699918348342e-05,0.18,-2.195691340745043e-05,0
29.905857529000002,-1.2268400192260742,7.012442111968994,6.88797008479014e-05,0.18,-2.1983339685505143e-05,0
29.956002128000023,-1.2160406112670898,7.012443542480469,6.746206054231152e-05,0.18,-2.2009082023544124e-05,0
30.005856327000004,-1.2052421569824219,7.012444972991943,6.604458758374676e-05,0.18,-2.2035159055633358e-05,0
30.055908344999978,-1.1944427490234375,7.012444972991943,6.462677265517414e-05,0.18,-1.9199529198488108e-05,0
30.105962766000005,-1.1944427490234375,7.012444972991943,6.462677265517414e-05,0.18,-1.9199529198488108e-05,0
30.155891080000004,-1.1836433410644531,7.012444972991943,6.320900865830481e-05,0.18,-1.6364001204749457e-05,0
30.205987666999988,-1.172844409942627,7.012444972991943,6.187837425386533e-05,0.18,-1.3702732395870498e-05,0
30.255893204000017,-1.1620450019836426,7.012444972991943,6.06504654570017e-05,0.18,-1.1246914802143237e-05,0
30.305871446000026,-1.1512455940246582,7.012444972991943,5.956509994575754e-05,0.18,-9.076183779654912e-06,0
30.355741540999986,-1.140446662902832,7.012444972991943,5.8624151279218495e-05,0.18,-7.194286446576825e-06,0
30.40592436899999,-1.140446662902832,7.012444972991943,5.8624151279218495e-05,0.18,-7.194286446576825e-06,0
30.455866997999976,-1.1296472549438477,7.012444972991943,5.785987013950944e-05,0.18,-5.665724167158714e-06,0
30.505870096000024,-1.1188478469848633,7.012444972991943,5.7226443459512666e-05,0.18,-4.398870807165167e-06,0
30.555983863999984,-1.108048439025879,7.012444972991943,5.666013021254912e-05,0.18,-3.266244313238076e-06,0
30.605827087000023,-1.0972490310668945,7.012444972991943,5.61714441573713e-05,0.18,-2.2888722028824304e-06,0
30.655645623999987,-1.0864500999450684,7.012444972991943,5.5769509344827384e-05,0.18,-1.485002577794603e-06,0
30.70592650100002,-1.0864500999450684,7.012444972991943,5.5769509344827384e-05,0.18,-1.485002577794603e-06,0
30.756031844999995,-1.075650691986084,7.012444972991943,5.543406223296188e-05,0.18,-8.141083540635918e-07,0
30.80592334800002,-1.0648512840270996,7.012444972991943,5.515301018022001e-05,0.18,-2.5200424857985126e-07,0
30.85621263500002,-1.0540523529052734,7.012444972991943,5.4900170653127134e-05,0.18,2.5367480560589684e-07,0
30.90606329100001,-1.0540523529052734,7.012444972991943,5.4900170653127134e-05,0.18,2.5367480560589684e-07,0
30.955518416000018,-1.0324535369873047,7.012444972991943,5.4515818192157894e-05,0.18,1.0223797275443758e-06,0
31.006010780999986,-1.0324535369873047,7.012444972991943,5.4515818192157894e-05,0.18,1.0223797275443758e-06,0
31.055991473999995,-1.0216541290283203,7.012444972991943,5.436904393718578e-05,0.18,1.315928237488606e-06,0
31.106078303999993,-1.010854721069336,7.012444972991943,5.4254855058388785e-05,0.18,1.5443059950825955e-06,0
31.155874885999992,-1.0000557899475098,7.012444972991943,5.415704072220251e-05,0.18,1.7399346674551452e-06,0
31.205940388999977,-0.9892563819885254,7.012444972991943,5.407684875535779e-05,0.18,1.9003186011445905e-06,0
31.25568543700001,-0.978456974029541,7.012444972991943,5.401204543886706e-05,0.18,2.02992523412604e-06,0
31.30594901400002,-0.978456974029541,7.012444972991943,5.401204543886706e-05,0.18,2.02992523412604e-06,0
31.355955859000005,-0.9676580429077148,7.012444972991943,5.3963343816576526e-05,0.18,2.1273284787071134e-06,0
31.4058397,-0.9568586349487305,7.012444972991943,5.3926341934129596e-05,0.18,2.201332243600973e-06,0
31.455917693000004,-0.9460592269897461,7.012444972991943,5.389473517425358e-05,0.18,2.2645457633529986e-06,0
31.505868609000004,-0.9352598190307617,7.012444972991943,5.387017517932691e-05,0.18,2.313665753206351e-06,0
31.555776261000005,-0.9244604110717773,7.012444972991943,5.385186886996962e-05,0.18,2.350278371920922e-06,0
31.605968007,-0.9244604110717773,7.012444972991943,5.385186886996962e-05,0.18,2.350278371920922e-06,0
31.656030422000015,-0.913661003112793,7.012444972991943,5.3840118198422715e-05,0.18,2.3737797150147344e-06,0
31.706041958000014,-0.9028615951538086,7.012444972991943,5.383252937463112e-05,0.18,2.388957362597921e-06,0
31.75600785900002,-0.8920621871948242,7.012444972991943,5.3828360250918195e-05,0.18,2.3972956100237752e-06,0
31.806032372000004,-0.8812627792358398,7.012444972991943,5.382786548580043e-05,0.18,2.398285140259304e-06,0
31.855822735999993,-0.8704633712768555,7.012444972991943,5.383004099712707e-05,0.18,2.3939341176060225e-06,0
31.905941466,-0.8704633712768555,7.012444972991943,5.383004099712707e-05,0.18,2.3939341176060225e-06,0
31.956011004999993,-0.8596639633178711,7.012444972991943,5.3835054131923243e-05,0.18,2.3839078480136777e-06,0
32.005987393,-0.8488645553588867,7.012444972991943,5.384241012507118e-05,0.18,2.369195861717799e-06,0
32.05595835899999,-0.8380651473999023,7.012444972991943,5.385135955293663e-05,0.18,2.3512970059869076e-06,0
32.10584784700001,-0.827265739440918,7.012444972991943,5.3861022024648264e-05,0.18,2.3319720625636364e-06,0
32.15578351400001,-0.8164658546447754,7.012444972991943,5.387168857851066e-05,0.18,2.3106389548388506e-06,0
32.205938143000026,-0.8164658546447754,7.012444972991943,5.387168857851066e-05,0.18,2.3106389548388506e-06,0
32.25584800199999,-0.805666446685791,7.012444972991943,5.388356657931581e-05,0.18,2.2868829532285417e-06,0
32.30590919299999,-0.7948670387268066,7.012444972991943,5.389542275224812e-05,0.18,2.263170607363918e-06,0
32.35597168800001,-0.7840676307678223,7.012444972991943,5.3908242989564314e-05,0.18,2.2375301327315356e-06,0
32.405933944000026,-0.7732682228088379,7.012444972991943,5.392146704252809e-05,0.18,2.211082026803979e-06,0
32.455829574999996,-0.7732682228088379,7.012444972991943,5.392146704252809e-05,0.18,2.211082026803979e-06,0
32.505949292000025,-0.7624688148498535,7.012444972991943,5.393431638367474e-05,0.18,2.185383344510683e-06,0
32.556075464,-0.7516694068908691,7.012444972991943,5.3947445849189535e-05,0.18,2.159124413481095e-06,0
32.60593854299998,-0.7408695220947266,7.012444972991943,5.396080086939037e-05,0.18,2.1324143730794276e-06,0
32.65618751599999,-0.7300701141357422,7.012444972991943,5.3974988986738026e-05,0.18,2.1040381383841122e-06,0
32.705956843000024,-0.7192707061767578,7.012444972991943,5.3989675507182255e-05,0.18,2.0746650974956538e-06,0
32.75579484999997,-0.7084712982177734,7.012444972991943,5.4003299737814814e-05,0.18,2.047416636230537e-06,0
32.806048299999986,-0.7084712982177734,7.012444972991943,5.4003299737814814e-05,0.18,2.047416636230537e-06,0
32.85588881699999,-0.6976718902587891,7.012444972991943,5.401634916779585e-05,0.18,2.021317776268461e-06,0
32.90596474099999,-0.6976718902587891,7.012444972991943,5.401634916779585e-05,0.18,2.021317776268461e-06,0
32.956004318,-0.6760730743408203,7.012444972991943,5.40427936357446e-05,0.18,1.9684288403709616e-06,0
33.00586523999999,-0.6652736663818359,7.012444972991943,5.405733463703655e-05,0.18,1.9393468377870704e-06,0
33.05588798000002,-0.6544737815856934,7.012444972991943,5.407277058111504e-05,0.18,1.90847494963009e-06,0
33.105889099000024,-0.6544737815856934,7.012444972991943,5.407277058111504e-05,0.18,1.90847494963009e-06,0
33.15585114200002,-0.643674373626709,7.012444972991943,5.408671859186143e-05,0.18,1.8805789281373109e-06,0
33.20587387799998,-0.6328744888305664,7.012444972991943,5.410026278696023e-05,0.18,1.853490537939706e-06,0
33.255919731000006,-0.622075080871582,7.012444972991943,5.411338497651741e-05,0.18,1.8272461588253464e-06,0
33.30587395700002,-0.6112751960754395,7.012444972991943,5.4126176110003144e-05,0.18,1.8016638918538774e-06,0
33.355822552999996,-0.6004757881164551,7.012444972991943,5.413883627625182e-05,0.18,1.7763435593565191e-06,0
33.405844262000016,-0.6004757881164551,7.012444972991943,5.413883627625182e-05,0.18,1.7763435593565191e-06,0
33.455929845000014,-0.5896759033203125,7.012444972991943,5.4151743825059384e-05,0.18,1.7505284617413963e-06,0
33.50595325199998,-0.5788764953613281,7.012444972991943,5.4163989261724055e-05,0.18,1.726037588412055e-06,0
33.55588129099999,-0.5788764953613281,7.012444972991943,5.4163989261724055e-05,0.18,1.726037588412055e-06,0
33.60592330700001,-0.5572772026062012,7.012444972991943,5.4190419177757576e-05,0.18,1.6731777563450123e-06,0
33.655734102999986,-0.5464773178100586,7.012444972991943,5.420436355052516e-05,0.18,1.6452890108098472e-06,0
33.70590026100001,-0.5464773178100586,7.012444972991943,5.420436355052516e-05,0.18,1.6452890108098472e-06,0
33.756116184999996,-0.5356779098510742,7.012444972991943,5.421657260740176e-05,0.18,1.6208708970566477e-06,0
33.80601964700003,-0.5248780250549316,7.012444972991943,5.4228796216193587e-05,0.18,1.5964236794729914e-06,0
33.855812125,-0.5140786170959473,7.012444972991943,5.424139089882374e-05,0.18,1.5712343142126883e-06,0
33.905771103000006,-0.5032787322998047,7.012444972991943,5.425323251984082e-05,0.18,1.5475510721785213e-06,0
33.95580917199999,-0.5032787322998047,7.012444972991943,5.425323251984082e-05,0.18,1.5475510721785213e-06,0
34.005894478000016,-0.5032787322998047,7.012444972991943,5.425323251984082e-05,0.18,1.5475510721785213e-06,0
34.05594513800003,-0.48167943954467773,7.012444972991943,5.427781434264034e-05,0.18,1.4983874265794839e-06,0
34.105953704,-0.47088003158569336,7.012444972991943,5.4290154366753995e-05,0.18,1.4737073783521737e-06,0
34.15597183099999,-0.4600801467895508,7.012444972991943,5.430154851637781e-05,0.18,1.4509190791045512e-06,0
34.205896197000015,-0.4492807388305664,7.012444972991943,5.431263707578182e-05,0.18,1.4287419602965201e-06,0
34.25588637499999,-0.43848085403442383,7.012444972991943,5.4323114454746246e-05,0.18,1.4077872023676719e-06,0
34.30582481900001,-0.43848085403442383,7.012444972991943,5.4323114454746246e-05,0.18,1.4077872023676719e-06,0
34.35585037599998,-0.42768144607543945,7.012444972991943,5.433331898530014e-05,0.18,1.3873781412598873e-06,0
34.405808573,-0.42768144607543945,7.012444972991943,5.433331898530014e-05,0.18,1.3873781412598873e-06,0
34.45598125800001,-0.4060821533203125,7.012444972991943,5.4354200983652845e-05,0.18,1.3456141445544745e-06,0
34.505889448999994,-0.3952822685241699,7.012444972991943,5.4364747484214604e-05,0.18,1.3245211434309567e-06,0
34.55585188399999,-0.38448286056518555,7.012444972991943,5.437404252006672e-05,0.18,1.305931071726718e-06,0
34.60600527600002,-0.38448286056518555,7.012444972991943,5.437404252006672e-05,0.18,1.305931071726718e-06,0
34.656016910999995,-0.37368297576904297,7.012444972991943,5.438242806121707e-05,0.18,1.2891599894260253e-06,0
34.70580388500002,-0.3628830909729004,7.012444972991943,5.4390602599596605e-05,0.18,1.2728109126669551e-06,0
34.755851158999974,-0.352083683013916,7.012444972991943,5.4399322834797204e-05,0.18,1.2553704422657574e-06,0
34.805915201999994,-0.34128379821777344,7.012444972991943,5.440895620267838e-05,0.18,1.2361037065033997e-06,0
34.85592704099997,-0.34128379821777344,7.012444972991943,5.440895620267838e-05,0.18,1.2361037065033997e-06,0
34.90597180100002,-0.33048391342163086,7.012444972991943,5.441909161163494e-05,0.18,1.2158328885902847e-06,0
34.95597005299999,-0.3196845054626465,7.012444972991943,5.442935798782855e-05,0.18,1.195300136203059e-06,0
35.00602574300001,-0.3088846206665039,7.012444972991943,5.443894406198524e-05,0.18,1.1761279878896858e-06,0
35.05593505600001,-0.29808473587036133,7.012444972991943,5.444817725219764e-05,0.18,1.1576616074648882e-06,0
35.10603943199999,-0.28728485107421875,7.012444972991943,5.445616989163682e-05,0.18,1.1416763285865272e-06,0
35.155848741,-0.2764854431152344,7.012444972991943,5.446404975373298e-05,0.18,1.125916604394206e-06,0
35.20592496699999,-0.2764854431152344,7.012444972991943,5.446404975373298e-05,0.18,1.125916604394206e-06,0
35.25595577500002,-0.2656855583190918,7.012444972991943,5.447238072520122e-05,0.18,1.1092546614577259e-06,0
35.30594749300002,-0.2548856735229492,7.012444972991943,5.448038427857682e-05,0.18,1.0932475547065224e-06,0
35.356078319000005,-0.24408626556396484,7.012444972991943,5.4488358728121966e-05,0.18,1.0772986556162323e-06,0
35.40586721400001,-0.23328638076782227,7.012444972991943,5.4496340453624725e-05,0.18,1.0613352046107138e-06,0
35.45605254399999,-0.23328638076782227,7.012444972991943,5.4496340453624725e-05,0.18,1.0613352046107138e-06,0
35.50625611800001,-0.2224864959716797,7.012444972991943,5.4504183935932815e-05,0.18,1.0456482399945344e-06,0
35.555846307000024,-0.2116870880126953,7.012444972991943,5.4511765483766794e-05,0.18,1.0304851443265761e-06,0
35.60585706400002,-0.20088720321655273,7.012444972991943,5.451966353575699e-05,0.18,1.014689040346184e-06,0
35.65586157199999,-0.19008731842041016,7.012444972991943,5.452776895253919e-05,0.18,9.984782067817832e-07,0
35.705898171,-0.17928791046142578,7.012444972991943,5.45355724170804e-05,0.18,9.828712776993598e-07,0
35.75579384299999,-0.1684880256652832,7.012444972991943,5.454315396491438e-05,0.18,9.677081820314015e-07,0
35.80598501899999,-0.1684880256652832,7.012444972991943,5.454315396491438e-05,0.18,9.677081820314015e-07,0
35.85583775499998,-0.15768814086914062,7.012444972991943,5.455087739392184e-05,0.18,9.522613240164901e-07,0
35.905902500000025,-0.14688825607299805,7.012444972991943,5.455857535707764e-05,0.18,9.36865397704878e-07,0
35.95597365499998,-0.14688825607299805,7.012444972991943,5.455857535707764e-05,0.18,9.36865397704878e-07,0
36.00579159,-0.1252889633178711,7.012444972991943,5.457226143334992e-05,0.18,9.094932451603199e-07,0
36.055873271999985,-0.11448907852172852,7.012444972991943,5.457884253701195e-05,0.18,8.963310378362621e-07,0
36.106006906000005,-0.11448907852172852,7.012444972991943,5.457884253701195e-05,0.18,8.963310378362621e-07,0
36.15598471999999,-0.10368919372558594,7.012444972991943,5.4585831094300374e-05,0.18,8.823539232594158e-07,0
36.20596898000002,-0.09288930892944336,7.012444972991943,5.45917937415652e-05,0.18,8.704286287297691e-07,0
36.255892949999975,-0.08208942413330078,7.012444972991943,5.4597927373833954e-05,0.18,8.581613641922559e-07,0
36.305776363999996,-0.0712900161743164,7.012444972991943,5.4604293836746365e-05,0.18,8.454284383674349e-07,0
36.355716495000024,-0.06049013137817383,7.012444972991943,5.46101073268801e-05,0.18,8.338014580999698e-07,0
36.40591326399999,-0.06049013137817383,7.012444972991943,5.46101073268801e-05,0.18,8.338014580999698e-07,0
36.45580755999998,-0.04969024658203125,7.012444972991943,5.4615953558823094e-05,0.18,8.22108994213977e-07,0
36.50591391199998,-0.04969024658203125,7.012444972991943,5.4615953558823094e-05,0.18,8.22108994213977e-07,0
36.55587860000003,-0.028090476989746094,7.012444972991943,5.4627485951641575e-05,0.18,7.990442085770155e-07,0
36.605773812999985,-0.01729106903076172,7.012444972991943,5.4633201216347516e-05,0.18,7.876136791651334e-07,0
36.65579972799998,-0.006491184234619141,7.012444972991943,5.463965135277249e-05,0.18,7.747134063151861e-07,0
36.705961624,-0.006491184234619141,7.012444972991943,5.463965135277249e-05,0.18,7.747134063151861e-07,0
36.75609736500002,0.0043087005615234375,7.012444972991943,5.464640707941726e-05,0.18,7.612019530256475e-07,0
36.80601142199998,0.015108585357666016,7.012444972991943,5.465248614200391e-05,0.18,7.49043827852347e-07,0
36.855925007999986,0.025908470153808594,7.012444972991943,5.465844878926873e-05,0.18,7.371185333227004e-07,0
36.905947173000015,0.03670835494995117,7.012444972991943,5.466434595291503e-05,0.18,7.253242060301091e-07,0
36.955729346,0.04750823974609375,7.012444972991943,5.4669540986651555e-05,0.18,7.149341385570551e-07,0
37.00590791500002,0.04750823974609375,7.012444972991943,5.4669540986651555e-05,0.18,7.149341385570551e-07,0
37.05584465099997,0.04750823974609375,7.012444972991943,5.4669540986651555e-05,0.18,7.149341385570551e-07,0
37.10589283600001,0.0691075325012207,7.012444972991943,5.467922892421484e-05,0.18,6.955582634304847e-07,0
37.155874290999975,0.07990741729736328,7.012444972991943,5.4684314818587154e-05,0.18,6.853864746858562e-07,0
37.20582095499998,0.09070730209350586,7.012444972991943,5.4690004617441446e-05,0.18,6.740068769772734e-07,0
37.25567712499998,0.10150718688964844,7.012444972991943,5.469570533023216e-05,0.18,6.626054513958479e-07,0
37.30600897099998,0.10150718688964844,7.012444972991943,5.469570533023216e-05,0.18,6.626054513958479e-07,0
37.35591818,0.11230707168579102,7.012444972991943,5.47003946849145e-05,0.18,6.532267420311655e-07,0
37.40595522799998,0.1231069564819336,7.012444972991943,5.470476389746182e-05,0.18,6.444883169365312e-07,0
37.455795404000014,0.13390684127807617,7.012444972991943,5.47092713532038e-05,0.18,6.354734054525579e-07,0
37.505865821999976,0.14470672607421875,7.012444972991943,5.4714284487999976e-05,0.18,6.254471358602132e-07,0
37.555826615,0.15550613403320312,7.012444972991943,5.47188610653393e-05,0.18,6.162939811815704e-07,0
37.60599427400001,0.15550613403320312,7.012444972991943,5.47188610653393e-05,0.18,6.162939811815704e-07,0
37.65582455399999,0.1663060188293457,7.012444972991943,5.4722251661587507e-05,0.18,6.095127886851515e-07,0
37.70592579700002,0.17710590362548828,7.012444972991943,5.4725631343899295e-05,0.18,6.027534240615751e-07,0
37.75597865200001,0.18790578842163086,7.012444972991943,5.47291238035541e-05,0.18,5.95768504751959e-07,0
37.80580976599998,0.19870567321777344,7.012444972991943,5.473271812661551e-05,0.18,5.885798586291457e-07,0
37.85583154699998,0.20950555801391602,7.012444972991943,5.47367671970278e-05,0.18,5.804817178045596e-07,0
37.90583833300002,0.20950555801391602,7.012444972991943,5.47367671970278e-05,0.18,5.804817178045596e-07,0
37.955936189,0.2203054428100586,7.012444972991943,5.474162026075646e-05,0.18,5.707755903472389e-07,0
38.005876629,0.2203054428100586,7.012444972991943,5.474162026075646e-05,0.18,5.707755903472389e-07,0
38.05595047600002,0.2203054428100586,7.012444972991943,5.474162026075646e-05,0.18,5.707755903472389e-07,0
38.105840761000024,0.24190521240234375,7.012444972991943,5.475279249367304e-05,0.18,5.484311245140816e-07,0
38.155806168000026,0.2635049819946289,7.012444972991943,5.47646195627749e-05,0.18,5.247769863103713e-07,0
38.205934583999976,0.2635049819946289,7.012444972991943,5.47646195627749e-05,0.18,5.247769863103713e-07,0
38.25601319399999,0.2743048667907715,7.012444972991943,5.477009835885838e-05,0.18,5.13819394143411e-07,0
38.305930604000025,0.28510475158691406,7.012444972991943,5.477483864524402e-05,0.18,5.0433882137213e-07,0
38.35604310100001,0.29590463638305664,7.012444972991943,5.477920421981253e-05,0.18,4.956076722351099e-07,0
38.40583190699999,0.3067045211791992,7.012444972991943,5.4782485676696524e-05,0.18,4.890447584671165e-07,0
38.45580914200002,0.3067045211791992,7.012444972991943,5.4782485676696524e-05,0.18,4.890447584671165e-07,0
38.50576877499998,0.3067045211791992,7.012444972991943,5.4782485676696524e-05,0.18,4.890447584671165e-07,0
38.555860295,0.3067045211791992,7.012444972991943,5.4782485676696524e-05,0.18,4.890447584671165e-07,0
38.60579567999997,0.33910417556762695,7.012444972991943,5.479220999404788e-05,0.18,4.695961237644042e-07,0
38.655923812000026,0.34990406036376953,7.012444972991943,5.479574974742718e-05,0.18,4.625166170058037e-07,0
38.70588893799999,0.3607039451599121,7.012444972991943,5.47994022781495e-05,0.18,4.5521155556116355e-07,0
38.75586955,0.3607039451599121,7.012444972991943,5.47994022781495e-05,0.18,4.5521155556116355e-07,0
38.805914238000014,0.3715038299560547,7.012444972991943,5.480275285663083e-05,0.18,4.485103985985006e-07,0
38.85590281399999,0.38230371475219727,7.012444972991943,5.480603067553602e-05,0.18,4.4195476078812135e-07,0
38.90603073699998,0.39310359954833984,7.012444972991943,5.4809592256788164e-05,0.18,4.348315982838358e-07,0
38.95791715500002,0.4039034843444824,7.012444972991943,5.4812804592074826e-05,0.18,4.284069277105118e-07,0
39.005946669000025,0.4039034843444824,7.012444972991943,5.4812804592074826e-05,0.18,4.284069277105118e-07,0
39.055739824,0.4255032539367676,7.012444972991943,5.481995685840957e-05,0.18,4.141023950410272e-07,0
39.10615131100002,0.4255032539367676,7.012444972991943,5.481995685840957e-05,0.18,4.141023950410272e-07,0
39.15597568599998,0.4255032539367676,7.012444972991943,5.481995685840957e-05,0.18,4.141023950410272e-07,0
39.20589861600001,0.44710350036621094,7.012444972991943,5.482690175995231e-05,0.18,4.0021259195555103e-07,0
39.255872904,0.4579033851623535,7.012444972991943,5.4829943110235035e-05,0.18,3.941298913900937e-07,0
39.30813765900001,0.4687032699584961,7.012444972991943,5.483313725562766e-05,0.18,3.8774160060484064e-07,0
39.358208468999976,0.47950315475463867,7.012444972991943,5.483539280248806e-05,0.18,3.832305068840469e-07,0
39.40827186000001,0.47950315475463867,7.012444972991943,5.483539280248806e-05,0.18,3.832305068840469e-07,0
39.45809509200001,0.49030303955078125,7.012444972991943,5.483675340656191e-05,0.18,3.805092987363423e-07,0
39.50819477099998,0.49030303955078125,7.012444972991943,5.483675340656191e-05,0.18,3.805092987363423e-07,0
39.558226124999976,0.49030303955078125,7.012444972991943,5.483675340656191e-05,0.18,3.805092987363423e-07,0
39.60823644200002,0.522702693939209,7.012444972991943,5.4841540986672044e-05,0.18,3.7093413851607693e-07,0
39.65817521600002,0.5335025787353516,7.012444972991943,5.4844465921632946e-05,0.18,3.6508426859427345e-07,0
39.708228666000025,0.5335025787353516,7.012444972991943,5.4844465921632946e-05,0.18,3.6508426859427345e-07,0
39.75830060499999,0.5443019866943359,7.012444972991943,5.484760913532227e-05,0.18,3.5879784121561897e-07,0
39.80821007700001,0.5551018714904785,7.012444972991943,5.485063957166858e-05,0.18,3.527369685230042e-07,0
39.858245963,0.5659017562866211,7.012444972991943,5.485389192472212e-05,0.18,3.462322624159242e-07,0
39.908237050000025,0.5767016410827637,7.012444972991943,5.485667134053074e-05,0.18,3.4067343079868806e-07,0
39.958187771999974,0.5875015258789062,7.012444972991943,5.485877045430243e-05,0.18,3.364752032553042e-07,0
40.00812316399998,0.5875015258789062,7.012444972991943,5.485877045430243e-05,0.18,3.364752032553042e-07,0
40.05819776499999,0.5983014106750488,7.012444972991943,5.4860767704667524e-05,0.18,3.324807025251175e-07,0
40.108196512000006,0.6091012954711914,7.012444972991943,5.486217196448706e-05,0.18,3.296721828860427e-07,0
40.158192885999995,0.619901180267334,7.012444972991943,5.486344889504835e-05,0.18,3.2711832176346434e-07,0
40.208225201999994,0.6307010650634766,7.012444972991943,5.4864656704012305e-05,0.18,3.2470270383555544e-07,0
40.25807198199999,0.6415014266967773,7.012444972991943,5.486587542691268e-05,0.18,3.22265258034804e-07,0
40.30819082400001,0.6415014266967773,7.012444972991943,5.486587542691268e-05,0.18,3.22265258034804e-07,0
40.35822662200002,0.6523013114929199,7.012444972991943,5.486826557898894e-05,0.18,3.174849538822855e-07,0
40.408353105,0.6631011962890625,7.012444972991943,5.487101952894591e-05,0.18,3.1197705396834863e-07,0
40.46039197800002,0.6739010810852051,7.012444972991943,5.4873373301234096e-05,0.18,3.0726950939197195e-07,0
40.508330371,0.6739010810852051,7.012444972991943,5.4873373301234096e-05,0.18,3.0726950939197195e-07,0
40.558258180999985,0.6847009658813477,7.012444972991943,5.48764546692837e-05,0.18,3.011067732927586e-07,0
40.60824901699999,0.6847009658813477,7.012444972991943,5.48764546692837e-05,0.18,3.011067732927586e-07,0
40.65817598799998,0.706301212310791,7.012444972991943,5.4882631957298145e-05,0.18,2.8875219726387513e-07,0
40.70819008199999,0.7171010971069336,7.012444972991943,5.4885822464711964e-05,0.18,2.8237118243623627e-07,0
40.75823466000003,0.7279014587402344,7.012444972991943,5.488791794050485e-05,0.18,2.781802308504666e-07,0
40.808113606000006,0.738701343536377,7.012444972991943,5.488938404596411e-05,0.18,2.752480199319507e-07,0
40.85812618699998,0.7495012283325195,7.012444972991943,5.489065733854659e-05,0.18,2.727014347669865e-07,0
40.90820628099999,0.7495012283325195,7.012444972991943,5.489065733854659e-05,0.18,2.727014347669865e-07,0
40.96127132700002,0.7603011131286621,7.012444972991943,5.489193426910788e-05,0.18,2.701475736444081e-07,0
41.00829551099997,0.7711009979248047,7.012444972991943,5.489312025019899e-05,0.18,2.677756114621843e-07,0
41.058503823000024,0.7711009979248047,7.012444972991943,5.489312025019899e-05,0.18,2.677756114621843e-07,0
41.108246354000016,0.792701244354248,7.012444972991943,5.4897165682632476e-05,0.18,2.5968474659521235e-07,0
41.15814927299999,0.8035011291503906,7.012444972991943,5.4900006944080815e-05,0.18,2.540022236985351e-07,0
41.20816092299998,0.8035011291503906,7.012444972991943,5.4900006944080815e-05,0.18,2.540022236985351e-07,0
41.258175784,0.8143014907836914,7.012444972991943,5.490334297064692e-05,0.18,2.473301705663289e-07,0
41.308201978,0.825101375579834,7.012444972991943,5.4906009609112516e-05,0.18,2.4199689363513244e-07,0
41.358355523,0.8359012603759766,7.012444972991943,5.490806506713852e-05,0.18,2.378859775831188e-07,0
41.40833605300003,0.8467011451721191,7.012444972991943,5.490899275173433e-05,0.18,2.3603060839150203e-07,0
41.45909990000001,0.8575010299682617,7.012444972991943,5.491007323144004e-05,0.18,2.3386964898008955e-07,0
41.50825194700002,0.8575010299682617,7.012444972991943,5.491007323144004e-05,0.18,2.3386964898008955e-07,0
41.55825991299997,0.8683013916015625,7.012444972991943,5.491148476721719e-05,0.18,2.3104657742578638e-07,0
41.608166751,0.8791012763977051,7.012444972991943,5.491270712809637e-05,0.18,2.2860185566742075e-07,0
41.65819898799998,0.8899011611938477,7.012444972991943,5.491404590429738e-05,0.18,2.2592430326540125e-07,0
41.70810204200001,0.9007015228271484,7.012444972991943,5.491515184985474e-05,0.18,2.237124121506895e-07,0
41.758101038999996,0.911501407623291,7.012444972991943,5.491637057275511e-05,0.18,2.2127496634993804e-07,0
41.80821118699998,0.911501407623291,7.012444972991943,5.491637057275511e-05,0.18,2.2127496634993804e-07,0
41.858338222999976,0.9223012924194336,7.012444972991943,5.49175965716131e-05,0.18,2.1882296863395823e-07,0
41.90816609900003,0.9223012924194336,7.012444972991943,5.49175965716131e-05,0.18,2.1882296863395823e-07,0
41.958149434000006,0.9439010620117188,7.012444972991943,5.49207252333872e-05,0.18,2.1256564508576048e-07,0
42.00832932200001,0.9547014236450195,7.012444972991943,5.492265700013377e-05,0.18,2.0870211159262908e-07,0
42.058363629999974,0.9655013084411621,7.012444972991943,5.492471609613858e-05,0.18,2.0458391958300126e-07,0
42.10822460600002,0.9655013084411621,7.012444972991943,5.492471609613858e-05,0.18,2.0458391958300126e-07,0
42.158202500000016,0.9763011932373047,7.012444972991943,5.492728087119758e-05,0.18,1.9945436946500195e-07,0
42.208080628999994,0.9871015548706055,7.012444972991943,5.4929078032728285e-05,0.18,1.9586004640359533e-07,0
42.25817969299999,0.997901439666748,7.012444972991943,5.493033677339554e-05,0.18,1.9334256506908787e-07,0
42.308056824000005,1.0087013244628906,7.012444972991943,5.49317010154482e-05,0.18,1.9061408096376908e-07,0
42.358129831999975,1.0195012092590332,7.012444972991943,5.4933268984314054e-05,0.18,1.8747814323205603e-07,0
42.40827824399997,1.0195012092590332,7.012444972991943,5.4933268984314054e-05,0.18,1.8747814323205603e-07,0
42.458374757,1.0303010940551758,7.012444972991943,5.49343167222105e-05,0.18,1.853826674391712e-07,0
42.50823149500002,1.0411014556884766,7.012444972991943,5.493543721968308e-05,0.18,1.831416724940027e-07,0
42.558225886,1.0519013404846191,7.012444972991943,5.493676144396886e-05,0.18,1.8049322392243994e-07,0
42.608992237999985,1.0627012252807617,7.012444972991943,5.4937572713242844e-05,0.18,1.7887068537447703e-07,0
42.658247854000024,1.0735015869140625,7.012444972991943,5.493811113410629e-05,0.18,1.777938436475779e-07,0
42.708040832999984,1.0735015869140625,7.012444972991943,5.493811113410629e-05,0.18,1.777938436475779e-07,0
42.758193258000006,1.084301471710205,7.012444972991943,5.493927528732456e-05,0.18,1.754655372110392e-07,0
42.80816826900002,1.0951013565063477,7.012444972991943,5.4939824622124434e-05,0.18,1.743668676112975e-07,0
42.85815325599998,1.1059012413024902,7.012444972991943,5.494030119734816e-05,0.18,1.7341371716383946e-07,0
42.908162765999975,1.1167011260986328,7.012444972991943,5.494095603353344e-05,0.18,1.7210404479328645e-07,0
42.95825944500001,1.1275014877319336,7.012444972991943,5.4942163842497393e-05,0.18,1.6968842686537755e-07,0
43.008148070999994,1.1275014877319336,7.012444972991943,5.4942163842497393e-05,0.18,1.6968842686537755e-07,0
43.05828971699998,1.1275014877319336,7.012444972991943,5.4942163842497393e-05,0.18,1.6968842686537755e-07,0
43.10818525299999,1.1491012573242188,7.012444972991943,5.494436845765449e-05,0.18,1.652791965511824e-07,0
43.15809546700001,1.1599016189575195,7.012444972991943,5.4945503507042304e-05,0.18,1.6300909777555717e-07,0
43.208162346999984,1.170701503753662,7.012444972991943,5.4946816817391664e-05,0.18,1.6038247707683695e-07,0
43.25820316699998,1.1815013885498047,7.012444972991943,5.494818105944432e-05,0.18,1.5765399297151816e-07,0
43.308212345000015,1.1815013885498047,7.012444972991943,5.494818105944432e-05,0.18,1.5765399297151816e-07,0
43.35813622500001,1.1815013885498047,7.012444972991943,5.494818105944432e-05,0.18,1.5765399297151816e-07,0
43.408330906,1.2031011581420898,7.012444972991943,5.495184086612426e-05,0.18,1.5033437961164964e-07,0
43.45843764699998,1.2139015197753906,7.012444972991943,5.495455479831435e-05,0.18,1.449065152314688e-07,0
43.50823367200002,1.2139015197753906,7.012444972991943,5.495455479831435e-05,0.18,1.449065152314688e-07,0
43.558041167,1.2355012893676758,7.012444972991943,5.496091034729034e-05,0.18,1.3219541727949036e-07,0
43.60814381099999,1.2355012893676758,7.012444972991943,5.496091034729034e-05,0.18,1.3219541727949036e-07,0
43.658306161999974,1.2463016510009766,7.012444972991943,5.496394442161545e-05,0.18,1.2612726862926138e-07,0
43.708174601999985,1.2571015357971191,7.012444972991943,5.496597441378981e-05,0.18,1.2206728428054703e-07,0
43.75819476999999,1.2679014205932617,7.012444972991943,5.496693484019488e-05,0.18,1.201464314704026e-07,0
43.808330152999986,1.2787013053894043,7.012444972991943,5.4967753385426477e-05,0.18,1.1850934100721133e-07,0
43.858040441000014,1.2895011901855469,7.012444972991943,5.496825178852305e-05,0.18,1.175125348140682e-07,0
43.90828863799999,1.2895011901855469,7.012444972991943,5.496825178852305e-05,0.18,1.175125348140682e-07,0
43.95828183399999,1.3003015518188477,7.012444972991943,5.496884841704741e-05,0.18,1.1631927776534212e-07,0
44.00816071700001,1.3111014366149902,7.012444972991943,5.49690994375851e-05,0.18,1.1581723668996347e-07,0
44.05816931800001,1.3111014366149902,7.012444972991943,5.49690994375851e-05,0.18,1.1581723668996347e-07,0
44.10803124,1.3219013214111328,7.012444972991943,5.496931044035591e-05,0.18,1.1539523114834083e-07,0
44.15820516500003,1.3435015678405762,7.012444972991943,5.496919038705528e-05,0.18,1.1563533774960888e-07,0
44.208219516999975,1.3435015678405762,7.012444972991943,5.496919038705528e-05,0.18,1.1563533774960888e-07,0
44.25820367,1.3543014526367188,7.012444972991943,5.4968670156085864e-05,0.18,1.1667579968843711e-07,0
44.308318547,1.3651013374328613,7.012444972991943,5.496808807947673e-05,0.18,1.1783995290670646e-07,0
44.35820402899998,1.375901222229004,7.012444972991943,5.496744779520668e-05,0.18,1.1912052144680274e-07,0
44.40810791299998,1.3867015838623047,7.012444972991943,5.496665107784793e-05,0.18,1.207139561643089e-07,0
44.45812120900001,1.3975014686584473,7.012444972991943,5.4965730669209734e-05,0.18,1.2255477344069732e-07,0
44.508132208000006,1.3975014686584473,7.012444972991943,5.4965730669209734e-05,0.18,1.2255477344069732e-07,0
44.558226983,1.3975014686584473,7.012444972991943,5.4965730669209734e-05,0.18,1.2255477344069732e-07,0
44.608096219000004,1.4191017150878906,7.012444972991943,5.496416997630149e-05,0.18,1.25676159257182e-07,0
44.658263003,1.4299015998840332,7.012444972991943,5.496368248714134e-05,0.18,1.2665113757748259e-07,0
44.70818343399998,1.4407014846801758,7.012444972991943,5.496331868926063e-05,0.18,1.2737873333890093e-07,0
44.758100653999975,1.4515013694763184,7.012444972991943,5.4963926231721416e-05,0.18,1.261636484173323e-07,0
44.80828488700001,1.4515013694763184,7.012444972991943,5.4963926231721416e-05,0.18,1.261636484173323e-07,0
44.85825505600002,1.462301254272461,7.012444972991943,5.4965079471003264e-05,0.18,1.2385716985363615e-07,0
44.90818486500001,1.4731016159057617,7.012444972991943,5.496638550539501e-05,0.18,1.212451010701443e-07,0
44.958174869000004,1.4839015007019043,7.012444972991943,5.49676624359563e-05,0.18,1.1869123994756592e-07,0
45.008180777999996,1.4947013854980469,7.012444972991943,5.49689975741785e-05,0.18,1.160209635031606e-07,0
45.05817507699999,1.4947013854980469,7.012444972991943,5.49689975741785e-05,0.18,1.160209635031606e-07,0
45.10913843399999,1.4947013854980469,7.012444972991943,5.49689975741785e-05,0.18,1.160209635031606e-07,0
45.158159153999975,1.4947013854980469,7.012444972991943,5.49689975741785e-05,0.18,1.160209635031606e-07,0
45.20819816599999,1.5271015167236328,7.012444972991943,5.497230085893534e-05,0.18,1.0941439398948205e-07,0
45.258170628000016,1.5379014015197754,7.012444972991943,5.4973723308648914e-05,0.18,1.0656949456233633e-07,0
45.30809454199999,1.548701286315918,7.012444972991943,5.4975262173684314e-05,0.18,1.0349176449153674e-07,0
45.35818318700001,1.5595016479492188,7.012444972991943,5.4976710089249536e-05,0.18,1.0059593336109174e-07,0
45.408175031999974,1.5595016479492188,7.012444972991943,5.4976710089249536e-05,0.18,1.0059593336109174e-07,0
45.45818666100001,1.5703015327453613,7.012444972991943,5.4978587286313996e-05,0.18,9.684153923217309e-08,0
45.508049648,1.581101417541504,7.012444972991943,5.498079190147109e-05,0.18,9.243230891797793e-08,0
45.55810858000001,1.581101417541504,7.012444972991943,5.498079190147109e-05,0.18,9.243230891797793e-08,0
45.60820852799998,1.5919017791748047,7.012444972991943,5.4983214795356616e-05,0.18,8.758652114693177e-08,0
45.65810188199998,1.6135015487670898,7.012444972991943,5.498818791238591e-05,0.18,7.764028708834303e-08,0
45.708229856,1.6135015487670898,7.012444972991943,5.498818791238591e-05,0.18,7.764028708834303e-08,0
45.75814645999998,1.6243014335632324,7.012444972991943,5.499018880072981e-05,0.18,7.363851040054215e-08,0
45.808255901999985,1.635101318359375,7.012444972991943,5.499098188010976e-05,0.18,7.205235164065016e-08,0
45.85808091299998,1.6459016799926758,7.012444972991943,5.499175676959567e-05,0.18,7.050257266882909e-08,0
45.90809548200002,1.6567015647888184,7.012444972991943,5.499243343365379e-05,0.18,6.914924455259097e-08,0
45.95811265499998,1.667501449584961,7.012444972991943,5.499289181898348e-05,0.18,6.823247389320386e-08,0
46.00820323099998,1.667501449584961,7.012444972991943,5.499289181898348e-05,0.18,6.823247389320386e-08,0
46.058199075000005,1.6783018112182617,7.012444972991943,5.499324106494896e-05,0.18,6.753398196224225e-08,0
46.108206653000025,1.6891016960144043,7.012444972991943,5.499252802110277e-05,0.17871864318847772,6.89600696546222e-08,0
46.15828379200002,1.6999015808105469,7.012444972991943,5.499151302501559e-05,0.17007873535156365,7.099006182897938e-08,0
46.208294206000005,1.7106857299804688,7.012444972991943,5.499078906723298e-05,0.16145141601562615,7.243797739420188e-08,0
46.25806161700001,1.7213311195373535,7.012444972991943,5.499039252754301e-05,0.15293510437011834,7.323105677414787e-08,0
46.30816148299999,1.7213311195373535,7.012444972991943,5.499039252754301e-05,0.15293510437011834,7.323105677414787e-08,0
46.35828072999999,1.7213311195373535,7.012444972991943,5.499039252754301e-05,0.15293510437011834,7.323105677414787e-08,0
46.408101742999975,1.741304874420166,7.012444972991943,5.499186590895988e-05,0.13695610046386833,7.028429394040359e-08,0
46.458194881,1.7507476806640625,7.012444972991943,5.4993299272609875e-05,0.12940185546875113,6.741756664041532e-08,0
46.508036971000024,1.7598819732666016,7.012444972991943,5.4994176025502384e-05,0.12209442138671989,6.566406085539711e-08,0
46.55811519399998,1.7598819732666016,7.012444972991943,5.4994176025502384e-05,0.12209442138671989,6.566406085539711e-08,0
46.60808018900002,1.768463134765625,7.012444972991943,5.499540930031799e-05,0.11522949218750114,6.319751122418893e-08,0
46.65822647599998,1.7766523361206055,7.012444972991943,5.499650796991773e-05,0.10867813110351676,6.100017202470553e-08,0
46.70844969199999,1.7846736907958984,7.012444972991943,5.4997515690047294e-05,0.1022610473632824,5.8984731765576726e-08,0
46.758138652000014,1.7923965454101562,7.012444972991943,5.4998596169753e-05,0.09608276367187614,5.682377235416425e-08,0
46.80821831600002,1.7994961738586426,7.012444972991943,5.499952385434881e-05,0.09040306091308709,5.4968403162547474e-08,0
46.858049902999994,1.8060126304626465,7.012444972991943,5.5000054999254644e-05,0.08518989562988395,5.3906113350876694e-08,0
46.908293163999986,1.8060126304626465,7.012444972991943,5.5000054999254644e-05,0.08518989562988395,5.3906113350876694e-08,0
46.95830260600002,1.8120861053466797,7.012444972991943,5.4999629355734214e-05,0.08033111572265739,5.4757400391736155e-08,0
47.008602053999994,1.817779541015625,7.012444972991943,5.488791794050485e-05,0.07577636718750114,2.781802308504666e-07,0
47.05824905600002,1.817779541015625,7.012444972991943,5.488791794050485e-05,0.07577636718750114,2.781802308504666e-07,0
47.10824187700001,1.828232765197754,7.012446880340576,0.0007064978126436472,0.06741378784179801,-0.0013067563064410592,0
47.15820095800001,1.8332648277282715,7.012450218200684,0.0012410322669893503,0.06338813781738395,-0.0023825009353473092,0
47.208350069999995,1.8332648277282715,7.012450218200684,0.0012410322669893503,0.06338813781738395,-0.0023825009353473092,0
47.258188319,1.838449478149414,7.012455940246582,0.0012372175697237253,0.05924041748046989,-0.0023863156326129342,0
47.30826657,1.8426189422607422,7.012463569641113,0.0015075842384248972,0.05590484619140739,-0.002942307759077778,0
47.35815522199999,1.8466262817382812,7.012465476989746,0.0013445059303194284,0.05269897460937614,-0.0026199658401324655,0
47.40829347599998,1.851344108581543,7.012469291687012,0.0001490751892561093,0.04892471313476676,-0.00023673375253707718,0
47.45808992899998,1.8551082611083984,7.0124711990356445,0.0003803411964327097,0.04591339111328239,-0.000703080464155903,0
47.50897978900002,1.8551082611083984,7.0124711990356445,0.0003803411964327097,0.04591339111328239,-0.000703080464155903,0
47.55823044099998,1.8551082611083984,7.0124711990356445,0.0003803411964327097,0.04591339111328239,-0.000703080464155903,0
47.608213940999974,1.8551082611083984,7.0124711990356445,0.0003803411964327097,0.04591339111328239,-0.000703080464155903,0
47.65820321000001,1.8551082611083984,7.0124711990356445,0.0003803411964327097,0.04591339111328239,-0.000703080464155903,0
47.70873746400002,1.8593249320983887,7.012472629547119,0.00031692185439169407,0.042540054321290204,-0.0005791028030230905,0
47.758156258999975,1.8683691024780273,7.012477397918701,0.0004966894630342722,0.03530471801757926,-0.0009481747634723092,0
47.808129827000016,1.8715672492980957,7.01247501373291,-0.0009067265200428665,0.03274620056152457,0.0018634255742639994,0
47.858231647000025,1.8745031356811523,7.01246976852417,-0.003360787872225046,0.030397491455079265,0.0067820386961088275,0
47.908103359999984,1.8745031356811523,7.01246976852417,-0.003360787872225046,0.030397491455079265,0.0067820386961088275,0
47.95852202100002,1.8780303001403809,7.012458324432373,-0.005185090005397797,0.02757575988769645,0.010453531146048078,0
48.008213447,1.882472038269043,7.0124382972717285,-0.00417146272957325,0.024022369384766762,0.008466330915688047,0
48.058244763000005,1.8845701217651367,7.012427806854248,-0.006825799588114023,0.022343902587891762,0.013795985467730532,0
48.108295258,1.8845701217651367,7.012427806854248,-0.006825799588114023,0.022343902587891762,0.013795985467730532,0
48.158366328,1.887166976928711,7.012411594390869,-0.006787927821278572,0.02026641845703239,0.013752666860817442,0
48.20815344599998,1.887166976928711,7.012411594390869,-0.006787927821278572,0.02026641845703239,0.013752666860817442,0
48.25810325100002,1.8909039497375488,7.012382984161377,-0.007429224904626608,0.017276840209962074,0.015092481486497888,0
48.308059759,1.8916082382202148,7.012377738952637,-0.005387855228036642,0.016713409423829262,0.011020232550798426,0
48.35822096200002,1.891913890838623,7.012376308441162,-0.004882859997451305,0.0164688873291027,0.010013103112576971,0
48.408225378,1.891913890838623,7.012376308441162,-0.004882859997451305,0.0164688873291027,0.010013103112576971,0
48.45821668999997,1.8939094543457031,7.012363910675049,-0.006839156150817871,0.014872436523438637,0.013950490951536665,0
48.50857975600002,1.8950939178466797,7.012357234954834,-0.0038260368164628744,0.013924865722657387,0.007937603723256359,0
48.55815580299998,1.897104263305664,7.0123491287231445,-0.0014274250715970993,0.012316589355469887,0.003156592696903715,0
48.608105851000005,1.8979949951171875,7.012348175048828,0.0009039083961397409,0.011604003906251138,-0.001504166889937153,0
48.65827434800002,1.8979949951171875,7.012348175048828,0.0009039083961397409,0.011604003906251138,-0.001504166889937153,0
48.70837273799998,1.899381160736084,7.012348175048828,-0.0008612903184257448,0.01049507141113395,0.0020262305391938185,0
48.758254377000014,1.8996782302856445,7.012347221374512,-0.0015672296285629272,0.010257415771485513,0.003440016508100996,0
48.80836612600001,1.901353359222412,7.012344837188721,-0.0015425080200657248,0.0,0.0,1
48.858378191999975,1.901353359222412,7.012344837188721,-0.0015425080200657248,0.0,0.0,1
48.90829022600002,1.9025745391845703,7.012341499328613,-0.0013016879092901945,0.0,0.0,1
48.958232248,1.9025745391845703,7.012341499328613,-0.0013016879092901945,0.0,0.0,1
49.008189042000026,1.904606819152832,7.012338638305664,-0.0011598948622122407,0.0,0.0,1
49.05812153900001,1.9046154022216797,7.012338638305664,-0.001159563660621643,0.0,0.0,1
49.108407004000014,1.9046154022216797,7.012338638305664,-0.001159563660621643,0.0,0.0,1
49.158157942,1.9046154022216797,7.012338638305664,-0.001159563660621643,0.0,0.0,1
49.208137298,1.9046154022216797,7.012338638305664,-0.001159563660621643,0.0,0.0,1
49.25814416700001,1.9046154022216797,7.012338638305664,-0.001159563660621643,0.0,0.0,1
49.30825819900002,1.9046154022216797,7.012338638305664,-0.001159563660621643,0.0,0.0,1
49.35830078999999,1.9046154022216797,7.012338638305664,-0.001159563660621643,0.0,0.0,1
49.40822624600003,1.9046154022216797,7.012338638305664,-0.001159563660621643,0.0,0.0,1
49.458215069000005,1.9046154022216797,7.012338638305664,-0.001159563660621643,0.0,-0.25,1
49.50815149900001,1.9046154022216797,7.012338638305664,-0.001159563660621643,0.0,-0.25,1
49.55817069599999,1.9046154022216797,7.012338638305664,-0.001159563660621643,0.0,-0.25,1
49.60822240700003,1.9046154022216797,7.012338638305664,-0.001159563660621643,0.0,-0.25,1
49.658237439000004,1.9046154022216797,7.012338638305664,-0.001159563660621643,0.0,-0.25,1
49.70826390399998,1.9046154022216797,7.012338638305664,-0.033235128968954086,0.0,-0.25,1
49.75825264500003,1.9046001434326172,7.012339115142822,-0.04717650264501572,0.0,-0.25,1
49.80833095600002,1.9044561386108398,7.0123467445373535,-0.06073543429374695,0.0,-0.25,1
49.85805305100001,1.9046392440795898,7.012335300445557,-0.07490762323141098,0.0,-0.25,1
49.908173420000026,1.9046392440795898,7.012335300445557,-0.07490762323141098,0.0,-0.25,1
49.95837197700001,1.9049882888793945,7.012310028076172,-0.08851297199726105,0.0,-0.25,1
50.008189379999976,1.905534267425537,7.012261867523193,-0.10144253820180893,0.0,-0.25,1
50.05834782699998,1.905534267425537,7.012261867523193,-0.10144253820180893,0.0,-0.25,1
50.10820546100001,1.905534267425537,7.012261867523193,-0.10144253820180893,0.0,-0.25,1
50.15819084499998,1.905904769897461,7.012221813201904,-0.11455510556697845,0.0,-0.25,1
50.20813663199999,1.9060959815979004,7.012199878692627,-0.14391982555389404,0.0,-0.25,1
50.25832965000001,1.9060940742492676,7.012200355529785,-0.15836717188358307,0.0,-0.25,1
50.30814668400001,1.906062126159668,7.012205600738525,-0.17302505671977997,0.0,-0.25,1
50.35823007699997,1.9059910774230957,7.012217998504639,-0.18749640882015228,0.0,-0.25,1
50.40807534200002,1.905989646911621,7.012217998504639,-0.20198467373847961,0.0,-0.25,1
50.45803160000003,1.9059042930603027,7.012235641479492,-0.21656589210033417,0.0,-0.25,1
50.50821116200001,1.9059042930603027,7.012235641479492,-0.21656589210033417,0.0,-0.25,1
50.55814078999998,1.905895709991455,7.012238025665283,-0.2311779111623764,0.0,-0.25,1
50.60811898399999,1.905895709991455,7.012238025665283,-0.2311779111623764,0.0,-0.25,1
50.65821806299999,1.9058151245117188,7.0122575759887695,-0.260238915681839,0.0,-0.25,1
50.70808718500001,1.9057579040527344,7.01227331161499,-0.27458569407463074,0.0,-0.25,1
50.75818608999998,1.905776023864746,7.012268543243408,-0.28896719217300415,0.0,-0.25,1
50.80830340900002,1.905776023864746,7.012268543243408,-0.28896719217300415,0.0,-0.25,1
50.858269576,1.9057068824768066,7.012289047241211,-0.3031373918056488,0.0,-0.25,1
50.90828726799998,1.905716896057129,7.01228666305542,-0.3174702227115631,0.0,-0.25,1
50.958201825,1.905813217163086,7.01225471496582,-0.331467866897583,0.0,-0.25,1
51.00816407899998,1.9057178497314453,7.012287139892578,-0.34539249539375305,0.0,-0.25,1
51.058297213,1.9057178497314453,7.012287139892578,-0.34539249539375305,0.0,-0.25,1
51.10818249599998,1.9056286811828613,7.012319087982178,-0.3586848974227905,0.0,-0.25,1
51.158189169000025,1.9055414199829102,7.0123515129089355,-0.37358221411705017,0.0,-0.25,1
51.208253394999986,1.9054594039916992,7.012383460998535,-0.3882993459701538,0.0,-0.25,1
51.25816164700001,1.9053711891174316,7.012419700622559,-0.4023410677909851,0.0,-0.25,1
51.30816630800001,1.9053258895874023,7.0124382972717285,-0.4165395498275757,0.0,-0.25,1
51.35801554599999,1.9052023887634277,7.0124921798706055,-0.4312416911125183,0.0,-0.25,1
51.408244337999975,1.9052023887634277,7.0124921798706055,-0.4312416911125183,0.0,-0.25,1
51.45829406799999,1.9050517082214355,7.012561321258545,-0.4454987645149231,0.0,-0.25,1
51.508577186000025,1.9050555229187012,7.01255989074707,-0.4600282311439514,0.0,-0.25,1
51.558246895000025,1.9050555229187012,7.01255989074707,-0.4600282311439514,0.0,-0.25,1
51.60816335499999,1.9050393104553223,7.012567043304443,-0.48863205313682556,0.0,-0.25,1
51.65831513699999,1.9049654006958008,7.012606143951416,-0.5028978586196899,0.0,-0.25,1
51.708173531,1.9049654006958008,7.012606143951416,-0.5028978586196899,0.0,-0.25,1
51.75820619699999,1.9049386978149414,7.012620449066162,-0.5172959566116333,0.0,-0.25,1
51.808406542,1.904963493347168,7.012606620788574,-0.5321165919303894,0.0,-0.25,1
51.85818099099998,1.9049582481384277,7.012609004974365,-0.5465791821479797,0.0,-0.25,1
51.908076247,1.9049568176269531,7.012609958648682,-0.5609813928604126,0.0,-0.25,1
51.95812588199999,1.9049549102783203,7.012611389160156,-0.5754387378692627,0.0,-0.25,1
52.008229117999974,1.9049549102783203,7.012611389160156,-0.5754387378692627,0.0,-0.25,1
52.05817786099999,1.9049310684204102,7.0126261711120605,-0.5900106430053711,0.0,-0.25,1
52.108369939,1.9048490524291992,7.012681007385254,-0.6040027141571045,0.0,-0.25,1
52.15825488899998,1.9047856330871582,7.012724876403809,-0.6185294985771179,0.0,-0.25,1
52.20818196800002,1.904764175415039,7.012739658355713,-0.6331830024719238,0.0,-0.228322741388288,1
52.25809462699999,1.904759407043457,7.0127434730529785,-0.6479790210723877,0.0,-0.2061287134875922,1
52.308184040000015,1.904759407043457,7.0127434730529785,-0.6479790210723877,0.0,-0.2061287134875922,1
52.35815675399999,1.9048175811767578,7.012698650360107,-0.6619754433631897,0.0,-0.1851340800513892,1
52.40832553000001,1.9047112464904785,7.012780666351318,-0.6753404140472412,0.0,-0.16508662402531193,1
52.45839525100001,1.90488862991333,7.012639045715332,-0.6883867383003235,0.0,-0.14551713764568852,1
52.50850353999999,1.9050145149230957,7.012534141540527,-0.6961228251457214,0.0,-0.1339130073775916,1
52.558124437000004,1.9050145149230957,7.012534141540527,-0.6961228251457214,0.0,-0.1339130073775916,1
52.608169970000006,1.9050145149230957,7.012534141540527,-0.6961228251457214,0.0,-0.1339130073775916,1
52.65836067999999,1.9039301872253418,7.013454437255859,-0.7155320644378662,0.0,-0.10479914843937443,1
52.70833045400002,1.9041132926940918,7.013297080993652,-0.7238972187042236,0.0,-0.0922514170398383,1
52.75832665399997,1.9043855667114258,7.013057231903076,-0.7297655940055847,0.0,-0.08344885408779668,1
52.808218517,1.9041104316711426,7.013300895690918,-0.7362719774246216,0.0,-0.07368927895924138,1
52.858143403999975,1.9044532775878906,7.012990951538086,-0.7417909502983093,0.0,-0.06541081964870976,1
52.908261702999994,1.9044532775878906,7.012990951538086,-0.7417909502983093,0.0,-0.06541081964870976,1
52.958750124999995,1.9053049087524414,7.012208461761475,-0.7461948990821838,0.0,-0.058804896472897994,1
53.00820623999999,1.9054927825927734,7.012035846710205,-0.7530233860015869,0.0,-0.04856216609379338,1
53.05802699999998,1.906179428100586,7.011390686035156,-0.7569183707237244,0.0,-0.0427196890105872,1
53.10817239300002,1.906179428100586,7.011390686035156,-0.7569183707237244,0.0,-0.0427196890105872,1
53.15810896800002,1.906811237335205,7.010789394378662,-0.7681772112846375,0.0,-0.025831428169217574,1
53.208258589000025,1.906811237335205,7.010789394378662,-0.7681772112846375,0.0,-0.025831428169217574,1
53.258534793000024,1.9060707092285156,7.011505603790283,-0.7707641124725342,0.0,-0.02195107638737248,1
53.308139513000015,1.9064826965332031,7.011106491088867,-0.7711775302886963,0.0,-0.021330949663129317,1
53.35817054400002,1.90584135055542,7.011729717254639,-0.77327960729599,0.0,-0.018177834152188765,1
53.40813158399999,1.9056062698364258,7.011959075927734,-0.772157609462738,0.0,-0.019860830902066695,1
53.45809103300002,1.9058022499084473,7.0117692947387695,-0.7739212512969971,0.0,0.0,2
53.508222295999985,1.9058022499084473,7.0117692947387695,-0.7739212512969971,0.0,0.0,2
53.558008289999975,1.9062399864196777,7.011340618133545,-0.775010347366333,0.0,0.0,2
53.608074687,1.9062399864196777,7.011340618133545,-0.775010347366333,0.0,0.0,2
53.65812554600001,1.906238079071045,7.011342525482178,-0.7750270366668701,0.0,0.0,2
53.708105063000005,1.906238079071045,7.011342525482178,-0.7750270366668701,0.0,0.0,2
53.758096717,1.906238079071045,7.011342525482178,-0.7750270366668701,0.0,0.0,2
53.80829754199999,1.906238079071045,7.011342525482178,-0.7750270366668701,0.0,0.0,2
53.858224990999986,1.906238079071045,7.011342525482178,-0.7750270366668701,0.0,0.0,2
53.90828733699999,1.906238079071045,7.011342525482178,-0.7750270366668701,0.0,0.0,2
53.958212317000005,1.906238079071045,7.011342525482178,-0.7750270366668701,0.0,0.0,2
54.00829197799999,1.906238079071045,7.011342525482178,-0.7750270366668701,0.0,0.0,2
54.059105758999976,1.906238079071045,7.011342525482178,-0.7750270366668701,0.1160245959270597,-0.010249643795712832,2
54.108127137,1.906238079071045,7.011342525482178,-0.7750270366668701,0.1160245959270597,-0.010249643795712832,2
54.15810512799999,1.906238079071045,7.011342525482178,-0.7750270366668701,0.1160245959270597,-0.010249643795712832,2
54.20822286800001,1.906238079071045,7.011342525482178,-0.7750270366668701,0.1160245959270597,-0.010249643795712832,2
54.258188898000014,1.907299518585205,7.0103020668029785,-0.7753200531005859,0.11483558275434916,-0.009693282309632845,2
54.308296455000004,1.9101333618164062,7.00752067565918,-0.7762977480888367,0.11165912651073771,-0.007812070786510528,2
54.35805932599999,1.9142837524414062,7.003443241119385,-0.7770733833312988,0.10700476573598267,-0.006363975786740916,2
54.40825130600001,1.9142837524414062,7.003443241119385,-0.7770733833312988,0.10700476573598267,-0.006363975786740916,2
54.458266157000025,1.918731689453125,6.999067306518555,-0.7776026129722595,0.10201323017314046,-0.005407343290821848,2
54.50823125599999,1.923227310180664,6.994640350341797,-0.7780601382255554,0.09696585846539102,-0.004589399123199139,2
54.55833132599997,1.927619457244873,6.990311622619629,-0.7784184813499451,0.09203258670593029,-0.003962401368051038,2
54.608135721999986,1.927619457244873,6.990311622619629,-0.7784184813499451,0.09203258670593029,-0.003962401368051038,2
54.65822208499998,1.935800552368164,6.982240200042725,-0.7790458798408508,0.08283877432420028,-0.002862704788759593,2
54.70816855700002,1.935800552368164,6.982240200042725,-0.7790458798408508,0.08283877432420028,-0.002862704788759593,2
54.75819367600002,1.9396185874938965,6.978468894958496,-0.7794414758682251,0.0785455951824442,-0.0021375989924761474,2
54.808193399000004,1.9429264068603516,6.975193977355957,-0.7809960246086121,0.07482183682280967,0.0009249683675417453,2
54.858313554999995,1.9463543891906738,6.971796035766602,-0.7824217677116394,0.07096051114963561,0.0037339705502974496,2
54.90809910600001,1.9497909545898438,6.968379974365234,-0.7824411988258362,0.06708408004595523,0.0037438357469155165,2
54.958117152,1.9528541564941406,6.96533727645874,-0.782750129699707,0.06363006151679045,0.0043327004628817,2
55.008203041,1.9528541564941406,6.96533727645874,-0.782750129699707,0.06363006151679045,0.0043327004628817,2
55.057905871,1.9563069343566895,6.961907863616943,-0.781700849533081,0.05973690654362095,0.002201097000397209,2
55.108206583000026,1.9587492942810059,6.959488391876221,-0.7824289202690125,0.05698663923215167,0.003624869692603644,2
55.15805786999999,1.9611377716064453,6.957116603851318,-0.7817423939704895,0.05429382650457244,0.002228214860391639,2
55.20813683,1.9638981819152832,6.954378604888916,-0.7785722017288208,0.051183456519426074,-0.00414386405302597,2
55.258161884,1.9662103652954102,6.95209264755249,-0.7813770771026611,0.048582355334206545,0.0014287974679651205,2
55.30864017699997,1.9662103652954102,6.95209264755249,-0.7813770771026611,0.048582355334206545,0.0014287974679651205,2
55.358213139999975,1.9683747291564941,6.949954032897949,-0.7810664772987366,0.04614822310404778,0.0007711829830025843,2
55.40820462900001,1.9705314636230469,6.947820663452148,-0.7782770395278931,0.04372137384931169,-0.004840735687916972,2
55.45834818499998,1.9705314636230469,6.947820663452148,-0.7782770395278931,0.04372137384931169,-0.004840735687916972,2
55.50817551099999,1.974637508392334,6.943758964538574,-0.7819780111312866,0.039101000293195826,0.002498493008285918,2
55.558237948,1.9768733978271484,6.941548824310303,-0.7799968719482422,0.036585946113896144,-0.0015002002349163573,2
55.608130324,1.9768733978271484,6.941548824310303,-0.7799968719482422,0.036585946113896144,-0.0015002002349163573,2
55.65828041999998,1.9785194396972656,6.939921855926514,-0.7784737944602966,0.03473445191755197,-0.00457332919385444,2
55.708207243000004,1.9791545867919922,6.939294815063477,-0.7793891429901123,0.034020450586298615,-0.002754096077018063,2
55.75819183200002,1.9806089401245117,6.937859058380127,-0.777441143989563,0.03238555747382163,-0.006676393711587493,2
55.80813329199998,1.9819869995117188,6.936503887176514,-0.7750887274742126,0.03083940876556919,-0.011413595521944542,2
55.858055604000015,1.9819869995117188,6.936503887176514,-0.7750887274742126,0.03083940876556919,-0.011413595521944542,2
55.90835788800001,1.984015941619873,6.934516906738281,-0.7759011387825012,0.02856765991335319,-0.009848115668070735,2
55.95817113300001,1.9852304458618164,6.933324813842773,-0.7784005403518677,0.027206282988972503,-0.0048810069594180175,2
56.008207287000005,1.98675537109375,6.931825160980225,-0.774990439414978,0.02549532324430306,-0.011736949360734553,2
56.05816878899998,1.9879131317138672,6.930689811706543,-0.777050256729126,0.024198144399574167,-0.007649009162518854,2
56.10805390500002,1.9894514083862305,6.929178237915039,-0.7771926522254944,0.022472888443889828,-0.007401981746047795,2
56.158074141999975,1.9911069869995117,6.927551746368408,-0.7786431312561035,0.02061626919076673,-0.004542159008976171,2
56.20820340900002,1.9911069869995117,6.927551746368408,-0.7786431312561035,0.02061626919076673,-0.004542159008976171,2
56.25819723400002,1.9923863410949707,6.926290035247803,-0.7773301601409912,0.019178825634193583,-0.007193052173519229,2
56.308211855000025,1.9928464889526367,6.92583703994751,-0.7776370644569397,0.018662273858844065,-0.0065893587852648705,2
56.35813159000003,1.9934053421020508,6.925283908843994,-0.7796537280082703,0.018033240574188675,-0.0025641238775178307,2
56.40827311700002,1.9945192337036133,6.924183368682861,-0.7786020636558533,0.016780568801487285,-0.004686334370484695,2
56.458090579999975,1.9960927963256836,6.922630310058594,-0.7816267013549805,0.01501188473309732,0.0013339439959942027,2
56.50819290099997,1.9960927963256836,6.922630310058594,-0.7816267013549805,0.01501188473309732,0.0013339439959942027,2
56.558203763999984,1.9974722862243652,6.921261310577393,-0.7818399667739868,0.013457104350269845,0.0017456391433310625,2
56.608115500999986,1.998608112335205,6.920129299163818,-0.7835378050804138,0.012174221716555848,0.005135920959575671,2
56.658298367999976,1.998946189880371,6.9197916984558105,-0.7837141752243042,0.011792000376780251,0.005487986897780258,2
56.708245842999986,1.998946189880371,6.9197916984558105,-0.7837141752243042,0.011792000376780251,0.005487986897780258,2
56.75822999799999,1.999828815460205,6.91891622543335,-0.7818992733955383,0.010797469621838387,0.0018480679966059038,2
56.808230326,1.999828815460205,6.91891622543335,-0.7818992733955383,0.010797469621838387,0.0018480679966059038,2
56.85825245799998,2.000819206237793,6.917932987213135,-0.7814834713935852,0.00968101646352421,0.001006348749057041,2
56.908302230000004,2.001127243041992,6.91762638092041,-0.7864366173744202,0.0,0.0,3
56.95816584800002,2.0011301040649414,6.917624473571777,-0.7866272330284119,0.0,0.0,3
57.008176659000014,2.0020694732666016,6.916683673858643,-0.7855921983718872,0.0,0.0,3
57.058148975999984,2.0020742416381836,6.9166789054870605,-0.7855901122093201,0.0,0.0,3
57.10811233200002,2.0020742416381836,6.9166789054870605,-0.7855901122093201,0.0,0.0,3
57.15818244500002,2.0020742416381836,6.9166789054870605,-0.7855901122093201,0.0,0.0,3
57.20834281399999,2.0020742416381836,6.9166789054870605,-0.7855901122093201,0.0,0.0,3
57.25822471599997,2.0020742416381836,6.9166789054870605,-0.7855901122093201,0.0,0.0,3
57.30825974800001,2.0020742416381836,6.9166789054870605,-0.7855901122093201,0.0,0.0,3
57.35817979900003,2.0020742416381836,6.9166789054870605,-0.7855901122093201,0.0,0.0,3
57.408298667999986,2.0020742416381836,6.9166789054870605,-0.7855901122093201,0.0,0.0,3
57.45820818599998,2.0020742416381836,6.9166789054870605,-0.7855901122093201,0.0,0.0,3
57.50828625999998,2.0020742416381836,6.9166789054870605,-0.7855901122093201,0.0,0.0,3
57.558258791000014,2.0020742416381836,6.9166789054870605,-0.7855901122093201,0.0,-0.25,3
57.60878792800003,2.0020742416381836,6.9166789054870605,-0.7855901122093201,0.0,-0.25,3
57.658117170000025,2.0020742416381836,6.9166789054870605,-0.789534866809845,0.0,-0.25,3
57.708170517999974,2.0020742416381836,6.9166789054870605,-0.789534866809845,0.0,-0.25,3
57.758646349,2.0020742416381836,6.9166789054870605,-0.8004036545753479,0.0,-0.25,3
57.808314446,2.0020742416381836,6.9166789054870605,-0.8142673969268799,0.0,-0.25,3
57.858299252999984,2.0020694732666016,6.916684150695801,-0.8291385173797607,0.0,-0.25,3
57.908199876000026,2.0020694732666016,6.916684150695801,-0.8291385173797607,0.0,-0.25,3
57.95815614100002,2.0019540786743164,6.9168171882629395,-0.856868326663971,0.0,-0.25,3
58.00823286999997,2.0019540786743164,6.9168171882629395,-0.856868326663971,0.0,-0.25,3
58.05825947300002,2.001795768737793,6.91699743270874,-0.8703688383102417,0.0,-0.25,3
58.108246796,2.0015506744384766,6.917288303375244,-0.883583664894104,0.0,-0.25,3
58.15838053499999,2.001540184020996,6.917301654815674,-0.8989109396934509,0.0,-0.25,3
58.20816418099997,2.0015392303466797,6.917304515838623,-0.9122613072395325,0.0,-0.25,3
58.258143261999976,2.0016956329345703,6.917105197906494,-0.9271621704101562,0.0,-0.25,3
58.30816675400001,2.0016956329345703,6.917105197906494,-0.9271621704101562,0.0,-0.25,3
58.35832627999997,2.001997947692871,6.916703701019287,-0.9425978064537048,0.0,-0.25,3
58.408189730000004,2.002063751220703,6.916614055633545,-0.9570377469062805,0.0,-0.25,3
58.45821856200001,2.002107620239258,6.91655158996582,-0.9712939262390137,0.0,-0.25,3
58.50815931599999,2.0020980834960938,6.91656494140625,-0.9852613210678101,0.0,-0.25,3
58.558143873000006,2.0021371841430664,6.91649866104126,-0.9973850250244141,0.0,-0.25,3
58.60806371000001,2.0021371841430664,6.91649866104126,-0.9973850250244141,0.0,-0.25,3
58.65818908,2.0022172927856445,6.916376113891602,-1.0120713710784912,0.0,-0.25,3
58.70838427000001,2.0019168853759766,6.916862487792969,-1.0249418020248413,0.0,-0.25,3
58.75814895399998,2.0020322799682617,6.91667366027832,-1.0386167764663696,0.0,-0.25,3
58.80807678100001,2.002178192138672,6.916429042816162,-1.0526702404022217,0.0,-0.25,3
58.858049257999994,2.0022926330566406,6.916227340698242,-1.0670289993286133,0.0,-0.25,3
58.90820487100001,2.0022926330566406,6.916227340698242,-1.0670289993286133,0.0,-0.25,3
58.95832792499999,2.002378463745117,6.91607141494751,-1.081195592880249,0.0,-0.25,3
59.008148737,2.0024118423461914,6.916008949279785,-1.0950424671173096,0.0,-0.25,3
59.05808895500002,2.0023841857910156,6.916062831878662,-1.108976125717163,0.0,-0.25,3
59.108161859000006,2.002338409423828,6.9161529541015625,-1.1234599351882935,0.0,-0.25,3
59.158198352,2.002338409423828,6.9161529541015625,-1.1234599351882935,0.0,-0.25,3
59.20837840299998,2.002317428588867,6.916197776794434,-1.1379271745681763,0.0,-0.25,3
59.25815194900002,2.0023269653320312,6.916177749633789,-1.1524291038513181,0.0,-0.25,3
59.30816452900001,2.0023059844970703,6.916224479675293,-1.1664146184921265,0.0,-0.25,3
59.358237100999986,2.0023250579833984,6.916180610656738,-1.1806539297103882,0.0,-0.25,3
59.40830355100002,2.0023059844970703,6.916227340698242,-1.1951265335083006,0.0,-0.25,3
59.458081698,2.0023269653320312,6.916174411773682,-1.2097437381744385,0.0,-0.25,3
59.508118835999994,2.0023269653320312,6.916174411773682,-1.2097437381744385,0.0,-0.25,3
59.558204187,2.0023231506347656,6.916183948516846,-1.2240046262741089,0.0,-0.25,3
59.609392824,2.002328872680664,6.916168689727783,-1.2383917570114138,0.0,-0.25,3
59.658280933000015,2.002328872680664,6.916168689727783,-1.2383917570114138,0.0,-0.25,3
59.70817602300002,2.002328872680664,6.916168689727783,-1.2383917570114138,0.0,-0.25,3
59.758135063,2.0023059844970703,6.916245937347412,-1.28169846534729,0.0,-0.25,3
59.808268016,2.0023059844970703,6.916245937347412,-1.28169846534729,0.0,-0.25,3
59.85817903999998,2.00229549407959,6.91627836227417,-1.2958719730377197,0.0,-0.25,3
59.90830249300001,2.0022716522216797,6.916366100311279,-1.310463786125183,0.0,-0.25,3
59.95821721599998,2.0022974014282227,6.9162678718566895,-1.3252311944961548,0.0,-0.25,3
60.008136123999975,2.002298355102539,6.916266441345215,-1.3397042751312256,0.0,-0.25,3
60.058044482000014,2.002309799194336,6.9162163734436035,-1.354328989982605,0.0,-0.25,3
60.109752231000016,2.002309799194336,6.9162163734436035,-1.354328989982605,0.0,-0.25,3
60.15854229299998,2.002309799194336,6.9162163734436035,-1.354328989982605,0.0,-0.25,3
60.208069749,2.00229549407959,6.916279315948486,-1.3687959909439087,0.0,-0.25,3
60.258193886000015,2.00229549407959,6.916279315948486,-1.3687959909439087,0.0,-0.25,3
60.30838013499999,2.00229549407959,6.916279315948486,-1.3687959909439087,0.0,-0.25,3
60.358071653000025,2.002274513244629,6.916385173797607,-1.4271156787872314,0.0,-0.21552097201149767,3
60.40817075299998,2.002274513244629,6.916385173797607,-1.4271156787872314,0.0,-0.21552097201149767,3
60.45817105499998,2.002263069152832,6.916465759277344,-1.441500186920166,0.0,-0.1939442098120958,3
60.508189621999975,2.0022354125976562,6.916682720184326,-1.4547995328903196,0.0,-0.1739951908568651,3
60.558161446999975,2.0021934509277344,6.917042255401611,-1.466469168663025,0.0,-0.15649073719780748,3
60.60815001100002,2.002145767211914,6.917524814605713,-1.4783036708831787,0.0,-0.13873898386757677,3
60.658429273000024,2.0021610260009766,6.91733455657959,-1.4884597063064573,0.0,-0.12350493073265856,3
60.708256515000016,2.0021610260009766,6.91733455657959,-1.4884597063064573,0.0,-0.12350493073265856,3
60.758191479000004,2.0021486282348633,6.917500019073486,-1.494446516036987,0.0,-0.11452471613686388,3
60.80816933300002,2.0021400451660156,6.9176716804504395,-1.5030281543731687,0.0,-0.10165225863259142,3
60.858182879000026,2.0020790100097656,6.918579578399658,-1.5109444856643677,0.0,-0.08977776169579332,3
60.90816492699997,2.0020694732666016,6.918749809265137,-1.5206221342086792,0.0,-0.07526128887932604,3
60.958162276999985,2.002063751220703,6.918858528137207,-1.5263910293579102,0.0,-0.0666079461554796,3
61.00822091399999,2.002063751220703,6.918858528137207,-1.5263910293579102,0.0,-0.0666079461554796,3
61.05820857399999,2.002072334289551,6.918666362762451,-1.528700828552246,0.0,-0.0631432473639757,3
61.108226215,2.0020275115966797,6.919789791107178,-1.5338647365570068,0.0,-0.05539738535683458,3
61.15819269799999,2.0020217895507812,6.919921398162842,-1.5407071113586424,0.0,-0.04513382315438097,3
61.20812824400002,2.0020217895507812,6.919954299926758,-1.5478309392929077,0.0,-0.034448081252983265,3
61.25834233299997,2.0020179748535156,6.920072078704834,-1.5477486848831177,0.0,-0.03457146286766832,3
61.30821592199999,2.0020179748535156,6.920072078704834,-1.5477486848831177,0.0,-0.03457146286766832,3
61.358154954999975,2.0020036697387695,6.920715808868408,-1.551517844200134,0.0,-0.02891772389214342,3
61.408133045,2.0020036697387695,6.920715808868408,-1.551517844200134,0.0,-0.02891772389214342,3
61.458137953999994,2.0020294189453125,6.919198989868164,-1.5587177276611328,0.0,-0.018117898700645618,3
61.50854020700001,2.002030372619629,6.919075012207031,-1.5617202520370483,0.0,0.0,4
61.55812968700002,2.0020313262939453,6.918920040130615,-1.5661160945892332,0.0,0.0,4
61.608144632000005,2.0020313262939453,6.918920040130615,-1.5661160945892332,0.0,0.0,4
61.65821963899998,2.0020313262939453,6.91903829574585,-1.5666735172271729,0.0,0.0,4
61.70839264099999,2.0020313262939453,6.91903829574585,-1.5666735172271729,0.0,0.0,4
61.758340671999974,2.0020313262939453,6.91903829574585,-1.5666735172271729,0.0,0.0,4
61.808137665000004,2.0020313262939453,6.91903829574585,-1.5666735172271729,0.0,0.0,4
61.858736979000014,2.0020313262939453,6.91903829574585,-1.5666735172271729,0.0,0.0,4
61.90817649500002,2.0020313262939453,6.91903829574585,-1.5666735172271729,0.0,0.0,4
61.958273996,2.0020313262939453,6.91903829574585,-1.5666735172271729,0.0,0.0,4
62.00829978399997,2.0020313262939453,6.91903829574585,-1.5666735172271729,0.0,0.0,4
62.05832821299998,2.0020313262939453,6.91903829574585,-1.5666735172271729,0.0,0.0,4
62.10821802800001,2.0020313262939453,6.91903829574585,-1.5666735172271729,0.0,0.0,4
62.15840088300001,2.0020313262939453,6.91903829574585,-1.5666735172271729,0.18,0.012691728276664795,4
62.208228057999975,2.0020313262939453,6.91903829574585,-1.5666735172271729,0.18,0.012691728276664795,4
62.258181510999975,2.0020313262939453,6.91903829574585,-1.5666735172271729,0.18,0.012691728276664795,4
62.30834194800002,2.002049446105957,6.91478967666626,-1.5662111043930051,0.18,0.011730662984306393,4
62.358183138000015,2.002086639404297,6.906951427459717,-1.565563201904297,0.18,0.010360471410209713,4
62.40814246299999,2.0021371841430664,6.897658824920654,-1.5648878812789915,0.18,0.008908740682060295,4
62.45812435099998,2.002197265625,6.887780666351318,-1.564250111579895,0.18,0.007513038319999745,4
62.50819969600002,2.002197265625,6.887780666351318,-1.564250111579895,0.18,0.007513038319999745,4
62.55823663199999,2.002264976501465,6.877653121948242,-1.5637089014053345,0.18,0.00629519621794896,4
62.608210805,2.002338409423828,6.8674163818359375,-1.5632529258728027,0.18,0.005236379308158914,4
62.65865167599998,2.0024166107177734,6.857129096984863,-1.5628437995910645,0.18,0.004261724156791723,4
62.70853471700002,2.0024166107177734,6.857129096984863,-1.5628437995910645,0.18,0.004261724156791723,4
62.758096239,2.0025863647460938,6.836490631103516,-1.562190890312195,0.18,0.0026163975424118337,4
62.80861545699997,2.0025863647460938,6.836490631103516,-1.562190890312195,0.18,0.0026163975424118337,4
62.85815733200002,2.002676010131836,6.826155185699463,-1.5619412660598755,0.18,0.0019378582662887833,4
62.90884177800001,2.0027685165405273,6.8158111572265625,-1.5617613792419431,0.18,0.0013930718130417095,4
62.958123493000016,2.002861976623535,6.805460453033447,-1.5616085529327393,0.18,0.000900499028617878,4
63.008240477000015,2.002861976623535,6.805460453033447,-1.5616085529327393,0.18,0.000900499028617878,4
63.058256502999996,2.003053665161133,6.7847394943237305,-1.5614131689071653,0.18,0.00012635390227509757,4
63.10813625499998,2.003053665161133,6.7847394943237305,-1.5614131689071653,0.18,0.00012635390227509757,4
63.15850519600002,2.0031509399414062,6.774369239807129,-1.561345338821411,0.18,-0.00020385582978056996,4
63.208114594999984,2.0031509399414062,6.774369239807129,-1.561345338821411,0.18,-0.00020385582978056996,4
63.25832012799998,2.0033483505249023,6.753611087799072,-1.5612691640853884,0.18,-0.0007510264688186663,4
63.308469367999976,2.003446578979492,6.743223190307617,-1.5612608194351196,0.18,-0.0009641726785354666,4
63.357837718999974,2.003546714782715,6.732829570770264,-1.561273694038391,0.18,-0.0011386950784378139,4
63.408163473,2.003546714782715,6.732829570770264,-1.561273694038391,0.18,-0.0011386950784378139,4
63.45817746,2.0036449432373047,6.722430229187012,-1.5613120794296265,0.18,-0.0012583812051468017,4
63.50820320600002,2.0036449432373047,6.722430229187012,-1.5613120794296265,0.18,-0.0012583812051468017,4
63.558202557000016,2.0038414001464844,6.7016143798828125,-1.5614233016967773,0.18,-0.0014288504892044258,4
63.608129728999984,2.003939628601074,6.691198348999023,-1.5614852905273438,0.18,-0.0015013297372513043,4
63.66119683599999,2.0040359497070312,6.680776596069336,-1.561554193496704,0.18,-0.0015561660104446672,4
63.70824533799998,2.0040359497070312,6.680776596069336,-1.561554193496704,0.18,-0.0015561660104446672,4
63.75820695300001,2.0041322708129883,6.670349597930908,-1.5616317987442017,0.18,-0.001593597727363616,4
63.808311084000024,2.004227638244629,6.659916877746582,-1.5617122650146484,0.18,-0.0016234000497513182,4
63.85855454699998,2.004322052001953,6.649479389190674,-1.5617954730987547,0.18,-0.0016458113961868685,4
63.90815204699999,2.0044164657592773,6.639036655426025,-1.561881422996521,0.18,-0.001662739115303083,4
63.95803508900002,2.0045089721679688,6.628589153289795,-1.56196928024292,0.18,-0.0016720374398880473,4
64.00824281299998,2.0045089721679688,6.628589153289795,-1.56196928024292,0.18,-0.0016720374398880473,4
64.05817825499997,2.00460147857666,6.618136405944824,-1.5620590448379514,0.18,-0.0016775210672073868,4
64.10816818799998,2.0046920776367188,6.6076788902282715,-1.5621498823165894,0.18,-0.001677044230049187,4
64.15830911299997,2.0047826766967773,6.5972161293029785,-1.5622409582138062,0.18,-0.0016760905557327843,4
64.20821060499998,2.0047826766967773,6.5972161293029785,-1.5622409582138062,0.18,-0.0016760905557327843,4
64.257829759,2.004960060119629,6.576277256011963,-1.5624243021011353,0.18,-0.0016641696267777149,4
64.30834388699998,2.004960060119629,6.576277256011963,-1.5624243021011353,0.18,-0.0016641696267777149,4
64.35828049399998,2.004960060119629,6.576277256011963,-1.5624243021011353,0.18,-0.0016641696267777149,4
64.408172181,2.0050477981567383,6.565800189971924,-1.5625160932540894,0.18,-0.0016560633950882652,4
64.45841985599998,2.005220413208008,6.544833183288574,-1.5626991987228394,0.18,-0.0016350825601273346,4
64.50812248699998,2.0053043365478516,6.534343242645264,-1.5627903938293457,0.18,-0.0016205390268021445,4
64.55814055600001,2.0053882598876953,6.523849010467529,-1.562881350517273,0.18,-0.0016064723306351558,4
64.60818112800001,2.0053882598876953,6.523849010467529,-1.562881350517273,0.18,-0.0016064723306351558,4
64.65817935799998,2.0054712295532227,6.513350486755371,-1.562971115112305,0.18,-0.0015928824716263702,4
64.70823223999997,2.0055532455444336,6.502847671508789,-1.563060283660889,0.18,-0.00157857735688028,4
64.75826796400003,2.005634307861328,6.492340564727783,-1.5631487369537354,0.18,-0.0015637954049759883,4
64.80811201400002,2.0057144165039062,6.4818291664123535,-1.5632368326187136,0.18,-0.001547821360176187,4
64.858099632,2.005793571472168,6.4713134765625,-1.5633243322372437,0.18,-0.0015311320596390812,4
64.90831758799999,2.005793571472168,6.4713134765625,-1.5633243322372437,0.18,-0.0015311320596390812,4
64.95818567399999,2.0058727264404297,6.460793495178223,-1.5634108781814575,0.18,-0.0015163501077347877,4
65.008315229,2.0059499740600586,6.450270175933838,-1.5634962320327757,0.18,-0.001500137644355885,4
65.05825292499998,2.006026268005371,6.4397430419921875,-1.563581109046936,0.18,-0.0014829715066605777,4
65.10816887300001,2.0061025619506836,6.429211616516113,-1.5636650323867796,0.18,-0.0014677127175980811,4
65.158254306,2.0061769485473633,6.418676376342773,-1.563748478889465,0.18,-0.0014495929055863659,4
65.208177702,2.0061769485473633,6.418676376342773,-1.563748478889465,0.18,-0.0014495929055863659,4
65.25831599499998,2.006251335144043,6.408137798309326,-1.563830852508545,0.18,-0.0014336188607865646,4
65.30822262999999,2.0063247680664062,6.397594928741455,-1.5639121532440186,0.18,-0.0014178832345658667,4
65.358260626,2.006397247314453,6.387049198150635,-1.563993215560913,0.18,-0.0014007170968705577,4
65.40817364700001,2.0064687728881836,6.376499176025391,-1.5640730857849119,0.18,-0.0013840277963334518,4
65.458108874,2.0065393447875977,6.365945816040039,-1.5641520023345947,0.18,-0.0013673384957963459,4
65.508178069,2.0065393447875977,6.365945816040039,-1.5641520023345947,0.18,-0.0013673384957963459,4
65.55828061400001,2.0066089630126953,6.355388641357422,-1.564229965209961,0.18,-0.0013506491952592417,4
65.608185058,2.006678581237793,6.3448286056518555,-1.5643070936203003,0.18,-0.0013356288247758467,4
65.65815921199999,2.006746292114258,6.334264755249023,-1.5643837451934817,0.18,-0.001317747431343233,4
65.708099903,2.006746292114258,6.334264755249023,-1.5643837451934817,0.18,-0.001317747431343233,4
65.75816150999998,2.006746292114258,6.334264755249023,-1.5643837451934817,0.18,-0.001317747431343233,4
65.80821461599999,2.006880760192871,6.313127517700195,-1.5645339488983154,0.18,-0.0012862761789018354,4
65.858204538,2.006946563720703,6.302554130554199,-1.5646082162857056,0.18,-0.001269348459785628,4
65.90819192599997,2.007012367248535,6.291977405548096,-1.5646822452545166,0.18,-0.0012528975778276236,4
65.95820885500001,2.007077217102051,6.281397342681885,-1.5647550821304321,0.18,-0.0012369235330278224,4
66.008247874,2.00714111328125,6.270814418792725,-1.5648267269134521,0.18,-0.001221426325386226,4
66.058173996,2.007204055786133,6.260228157043457,-1.5648977756500244,0.18,-0.0012052138620073233,4
66.108274161,2.007204055786133,6.260228157043457,-1.5648977756500244,0.18,-0.0012052138620073233,4
66.15820437999997,2.007266044616699,6.24963903427124,-1.5649677515029907,0.18,-0.001189239817207522,4
66.20824905799998,2.007327079772949,6.239047050476074,-1.5650366544723513,0.18,-0.0011735041909868224,4
66.25826523799998,2.007388114929199,6.228452205657959,-1.5651049613952634,0.18,-0.0011589606576616306,4
66.30819378500001,2.007448196411133,6.217854022979736,-1.565172553062439,0.18,-0.0011439402871782373,4
66.35814784299998,2.00750732421875,6.2072529792785645,-1.5652391910552976,0.18,-0.0011289199166948424,4
66.40822412799997,2.00750732421875,6.2072529792785645,-1.5652391910552976,0.18,-0.0011289199166948424,4
66.45818240699998,2.007566452026367,6.196649551391602,-1.5653048753738406,0.18,-0.00111580689484426,4
66.508282426,2.007624626159668,6.1860432624816895,-1.5653698444366455,0.18,-0.0011022170358354743,4
66.55818702900001,2.0076818466186523,6.175434112548828,-1.5654340982437136,0.18,-0.0010881503396684873,4
66.60815714,2.0077381134033203,6.164822101593018,-1.565497875213623,0.18,-0.0010731299691850923,4
66.65819794499998,2.0077943801879883,6.154207706451416,-1.5655604600906374,0.18,-0.001060493784492713,4
66.708139947,2.0077943801879883,6.154207706451416,-1.5655604600906374,0.18,-0.001060493784492713,4
66.75819901699998,2.0077943801879883,6.154207706451416,-1.5655604600906374,0.18,-0.001060493784492713,4
66.80817008700001,2.0079050064086914,6.132970809936523,-1.565683126449585,0.18,-0.0010364135080034639,4
66.85832589,2.0079593658447266,6.122348308563232,-1.5657440423965456,0.18,-0.0010233004861528814,4
66.90819826699999,2.0080127716064453,6.11172342300415,-1.565804600715637,0.18,-0.0010089953714067911,4
66.95816204099998,2.008066177368164,6.101096153259277,-1.565864086151123,0.18,-0.000996836023872615,4
67.00844823300002,2.008066177368164,6.101096153259277,-1.565864086151123,0.18,-0.000996836023872615,4
67.058214658,2.00811767578125,6.090466499328613,-1.565922498703003,0.18,-0.0009830077462847295,4
67.10822675899999,2.008169174194336,6.079834461212158,-1.5659804344177246,0.18,-0.0009701331430132486,4
67.15840838999998,2.008220672607422,6.069199562072754,-1.5660374164581299,0.18,-0.0009591658883745802,4
67.20821367299999,2.008220672607422,6.069199562072754,-1.5660374164581299,0.18,-0.0009591658883745802,4
67.25846168800001,2.008220672607422,6.069199562072754,-1.5660374164581299,0.18,-0.0009591658883745802,4
67.30814531599998,2.008220672607422,6.069199562072754,-1.5660374164581299,0.18,-0.0009591658883745802,4
67.35821066199998,2.0083703994750977,6.037282466888428,-1.5662049055099487,0.18,-0.0009236415200884595,4
67.40832509299997,2.0084190368652344,6.026638984680176,-1.5662603378295898,0.18,-0.0009100516610796739,4
67.458168468,2.0084190368652344,6.026638984680176,-1.5662603378295898,0.18,-0.0009100516610796739,4
67.50822186900001,2.008514404296875,6.005344390869141,-1.5663695335388184,0.18,-0.0008823951059039013,4
67.557807056,2.0085620880126953,5.994693756103516,-1.566422462463379,0.18,-0.000871904688423436,4
67.60823639099999,2.0085620880126953,5.994693756103516,-1.566422462463379,0.18,-0.000871904688423436,4
67.658236332,2.008607864379883,5.984041213989258,-1.5664743185043335,0.18,-0.0008597453408892598,4
67.70806022400001,2.0086536407470703,5.973386764526367,-1.566525459289551,0.18,-0.0008490165048296939,4
67.75801269099998,2.008699417114258,5.962730407714844,-1.5665761232376099,0.18,-0.0008392413430865341,4
67.80805575300002,2.008699417114258,5.962730407714844,-1.5665761232376099,0.18,-0.0008392413430865341,4
67.85809035800003,2.0087890625,5.94141149520874,-1.566676139831543,0.18,-0.000818498926704706,4
67.90829929900002,2.0087890625,5.94141149520874,-1.566676139831543,0.18,-0.000818498926704706,4
67.95840951299999,2.0088319778442383,5.93074893951416,-1.5667252540588377,0.18,-0.0008061011605914282,4
68.00820624800002,2.008875846862793,5.920084476470947,-1.5667735338211062,0.18,-0.0007972796731646747,4
68.058230939,2.0089187622070312,5.909418106079102,-1.566821575164795,0.18,-0.000787027674263311,4
68.108137672,2.0089187622070312,5.909418106079102,-1.566821575164795,0.18,-0.000787027674263311,4
68.158207463,2.009002685546875,5.888079643249512,-1.5669158697128296,0.18,-0.0007662852578814829,4
68.208330434,2.009002685546875,5.888079643249512,-1.5669158697128296,0.18,-0.0007662852578814829,4
68.25832431499998,2.0090436935424805,5.877407550811768,-1.5669621229171753,0.18,-0.0007557948404010185,4
68.30826898200002,2.009084701538086,5.866733551025391,-1.5670075416564941,0.18,-0.0007469733529742641,4
68.35832756899998,2.009124755859375,5.856058120727539,-1.5670524835586548,0.18,-0.0007371981912311044,4
68.40818503600002,2.009164810180664,5.845380783081055,-1.567097067832947,0.18,-0.0007281382852252485,4
68.45804146199998,2.009204864501953,5.8347015380859375,-1.567140817642212,0.18,-0.0007207473092731044,4
68.50821011400001,2.009204864501953,5.8347015380859375,-1.567140817642212,0.18,-0.0007207473092731044,4
68.55830927199997,2.0092430114746094,5.824020862579346,-1.567183971405029,0.18,-0.0007107337289508422,4
68.60826267700003,2.009282112121582,5.813338279724121,-1.5672266483306883,0.18,-0.0007035811715777997,4
68.65815597699998,2.009319305419922,5.802654266357422,-1.5672690868377688,0.18,-0.0006930907540973344,4
68.70811248000001,2.009357452392578,5.79196834564209,-1.5673109292984009,0.18,-0.0006856997781451903,4
68.75819585599999,2.009357452392578,5.79196834564209,-1.5673109292984009,0.18,-0.0006856997781451903,4
68.80843505899998,2.009394645690918,5.781280994415283,-1.5673524141311646,0.18,-0.0006771167092975375,4
68.85825196500002,2.009431838989258,5.770591735839844,-1.567393183708191,0.18,-0.000669964151924495,4
68.90816103700001,2.0094680786132812,5.75990104675293,-1.5674338340759275,0.18,-0.0006611426644977407,4
68.95819648399998,2.0095033645629883,5.749208927154541,-1.5674741268157957,0.18,-0.0006511290841754794,4
69.00811332500001,2.0095386505126953,5.738515377044678,-1.5675137042999268,0.18,-0.0006425460153278266,4
69.05815405499999,2.0095739364624023,5.72782039642334,-1.5675528049468994,0.18,-0.0006349166207965809,4
69.108167466,2.0095739364624023,5.72782039642334,-1.5675528049468994,0.18,-0.0006349166207965809,4
69.15818596700001,2.0096092224121094,5.717123985290527,-1.5675913095474243,0.18,-0.0006284793191608431,4
69.20815383600001,2.0096435546875,5.706425666809082,-1.567629337310791,0.18,-0.0006210883432086981,4
69.258242779,2.009676933288574,5.695725917816162,-1.5676671266555788,0.18,-0.0006122668557819446,4
69.30995093199999,2.0097103118896484,5.685024738311768,-1.5677045583724976,0.18,-0.000604160624092495,4
69.36002242199999,2.0097427368164062,5.674322605133057,-1.5677417516708374,0.18,-0.0005946238809284368,4
69.41029421600001,2.0097427368164062,5.674322605133057,-1.5677417516708374,0.18,-0.0005946238809284368,4
69.46015999399998,2.0097761154174805,5.663619041442871,-1.56777822971344,0.18,-0.0005884249978717997,4
69.51013198599998,2.009807586669922,5.652914047241211,-1.567814230918884,0.18,-0.0005793650918659446,4
69.56007839699998,2.0098400115966797,5.642207622528076,-1.5678496360778809,0.18,-0.000573404627388409,4
69.60996652099999,2.009871482849121,5.631499767303467,-1.5678846836090088,0.18,-0.0005662520700153665,4
69.66006868599999,2.009871482849121,5.631499767303467,-1.5678846836090088,0.18,-0.0005662520700153665,4
69.71015693999999,2.0099029541015625,5.620790958404541,-1.5679192543029785,0.18,-0.0005600531869587293,4
69.760053325,2.0099334716796875,5.610080718994141,-1.5679534673690796,0.18,-0.0005526622110065852,4
69.81010979500002,2.0099639892578125,5.599369049072266,-1.5679874420166016,0.18,-0.0005457480722126434,4
69.860138855,2.009993553161621,5.588655948638916,-1.5680210590362549,0.18,-0.0005376418405231946,4
69.909950246,2.0100231170654297,5.57794189453125,-1.5680543184280393,0.18,-0.0005302508645710496,4
69.96019356900001,2.0100526809692383,5.567226409912109,-1.568087100982666,0.18,-0.0005238135629353118,4
70.01001922299997,2.0100526809692383,5.567226409912109,-1.568087100982666,0.18,-0.0005238135629353118,4
70.060480364,2.0100526809692383,5.567226409912109,-1.568087100982666,0.18,-0.0005238135629353118,4
70.11066433100001,2.0101099014282227,5.545792579650879,-1.5681513547897339,0.18,-0.0005097468667683274,4
70.16057078099999,2.010138511657715,5.535073757171631,-1.5681830644607544,0.18,-0.0005035479837116911,4
70.21007172999998,2.0101661682128906,5.524353504180908,-1.568214535713196,0.18,-0.0004959185891804446,4
70.26006464699998,2.0101661682128906,5.524353504180908,-1.568214535713196,0.18,-0.0004959185891804446,4
70.31002862600002,2.0101661682128906,5.524353504180908,-1.568214535713196,0.18,-0.0004959185891804446,4
70.36003050199997,2.010221481323242,5.502910137176514,-1.568275809288025,0.18,-0.00048399766022537427,4
70.41016073999998,2.0102481842041016,5.492187023162842,-1.5683059692382812,0.18,-0.0004770835214314333,4
70.460127478,2.010274887084961,5.481462478637695,-1.568336009979248,0.18,-0.000470407801216593,4
70.510035184,2.0103015899658203,5.470736980438232,-1.5683655738830566,0.18,-0.00046468575531815985,4
70.56001613799998,2.010326385498047,5.460010528564453,-1.568394422531128,0.18,-0.0004565795236287102,4
70.61001969300003,2.010326385498047,5.460010528564453,-1.568394422531128,0.18,-0.0004565795236287102,4
70.66003079799998,2.0103530883789062,5.449283123016357,-1.5684231519699097,0.18,-0.00045252640778398797,4
70.710085048,2.010377883911133,5.438554286956787,-1.5684512853622434,0.18,-0.00044585068756914856,4
70.75999081200001,2.010377883911133,5.438554286956787,-1.5684512853622434,0.18,-0.00044585068756914856,4
70.80997269300002,2.010427474975586,5.4170942306518555,-1.5685070753097534,0.18,-0.0004334529214558751,4
70.85994954300003,2.0104522705078125,5.406362533569336,-1.568534255027771,0.18,-0.00042868454987384733,4
70.91006506299999,2.0104522705078125,5.406362533569336,-1.568534255027771,0.18,-0.00042868454987384733,4
70.96002450700001,2.010477066040039,5.3956298828125,-1.568561315536499,0.18,-0.000424154596870922,4
71.01004713700002,2.010499954223633,5.384896278381348,-1.5685875415802002,0.18,-0.0004174788766560817,4
71.060268554,2.010523796081543,5.374161720275879,-1.5686137676239014,0.18,-0.0004127105050740548,4
71.109938393,2.010547637939453,5.363426208496094,-1.568639636039734,0.18,-0.00040865738922933213,4
71.16021637,2.010547637939453,5.363426208496094,-1.568639636039734,0.18,-0.00040865738922933213,4
71.21005196700003,2.010547637939453,5.363426208496094,-1.568639636039734,0.18,-0.00040865738922933213,4
71.26008560399998,2.0105934143066406,5.341952800750732,-1.5686906576156616,0.18,-0.0003981669717488712,4
71.31006764300002,2.0106163024902344,5.331214904785156,-1.5687159299850462,0.18,-0.00039339860016684384,4
71.36004331800001,2.0106382369995117,5.320476055145264,-1.5687412023544312,0.18,-0.000386722879952004,4
71.41010532899998,2.010660171508789,5.3097357749938965,-1.568765640258789,0.18,-0.0003817160897908751,4
71.45994950300002,2.0106821060180664,5.298995494842529,-1.568789720535278,0.18,-0.00037742455536705086,4
71.51001592099999,2.0106821060180664,5.298995494842529,-1.568789720535278,0.18,-0.00037742455536705086,4
71.56010752399999,2.0106821060180664,5.298995494842529,-1.568789720535278,0.18,-0.00037742455536705086,4
71.61010887999998,2.0107250213623047,5.2775115966796875,-1.5688369274139407,0.18,-0.0003688414865194024,4
71.65998444899998,2.0107460021972656,5.266768455505371,-1.5688602924346924,0.18,-0.0003640731149373755,4
71.71020642600001,2.0107669830322266,5.256024360656738,-1.5688834190368655,0.18,-0.0003597815805135513,4
71.75995537199998,2.0107669830322266,5.256024360656738,-1.5688834190368655,0.18,-0.0003597815805135513,4
71.810101492,2.010787010192871,5.245279788970947,-1.5689061880111694,0.18,-0.00035429795319421925,4
71.86004114899998,2.0108070373535156,5.234533786773682,-1.5689287185668945,0.17762702941894448,-0.00034929116303309034,4
71.91004794700001,2.01082706451416,5.223787784576416,-1.5689510107040405,0.16903022766113196,-0.00034476121003016455,4
71.95998798099998,2.0108470916748047,5.213069438934326,-1.5689729452133179,0.1604555511474601,-0.00034094651276454346,4
72.00997971800001,2.010866165161133,5.202517032623291,-1.5689947605133057,0.15201362609863198,-0.0003354628854452114,4
72.06007714499998,2.0108842849731445,5.192409992218018,-1.5690159797668457,0.1439279937744132,-0.0003292640023885747,4
72.110265271,2.0108842849731445,5.192409992218018,-1.5690159797668457,0.1439279937744132,-0.0003292640023885747,4
72.16012007900002,2.01090145111084,5.182773590087891,-1.5690370798110962,0.13621887207031166,-0.0003213961892782266,4
72.210183191,2.0109176635742188,5.173519611358643,-1.5690578222274782,0.1288156890869132,-0.0003123362832723707,4
72.26000680800001,2.0109329223632812,5.164687633514404,-1.5690783262252808,0.1217501068115226,-0.000301845865791905,4
72.31006678300002,2.0109472274780273,5.156286239624023,-1.5690984725952146,0.1150289916992179,-0.00029016335541593146,4
72.35983521200001,2.010960578918457,5.1483073234558105,-1.5691176652908327,0.1086458587646476,-0.00027848084503995793,4
72.41006352900001,2.010960578918457,5.1483073234558105,-1.5691176652908327,0.1086458587646476,-0.00027848084503995793,4
72.46014743500001,2.0109729766845703,5.140837669372559,-1.5691362619400024,0.10267013549804603,-0.0002660830789266793,4
72.510089117,2.010984420776367,5.133814811706543,-1.5691542625427246,0.09705184936523353,-0.00025297005707609595,4
72.56016517,2.010995864868164,5.127027988433838,-1.5691719055175781,0.09162239074706946,-0.0002405722909628173,4
72.61011739899999,2.0110063552856445,5.120561599731445,-1.5691885948181152,0.0864492797851554,-0.00022817452484953822,4
72.66001977399998,2.011016845703125,5.1144938468933105,-1.5692086219787598,0.08159507751464759,-0.00020910103852141582,4
72.71026338500002,2.011016845703125,5.1144938468933105,-1.5692086219787598,0.08159507751464759,-0.00020910103852141582,4
72.76018912,2.0110254287719727,5.108810901641846,-1.5693731307983396,0.07704872131347572,0.00010275046294342619,4
72.81000891600002,2.0110321044921875,5.103310585021973,-1.5700523853302002,0.07264846801757728,0.0014479080862344396,4
72.85996320700002,2.011031150817871,5.098433494567871,-1.5725102424621582,0.06874679565429602,0.006365529698783266,4
72.90996278199998,2.01102352142334,5.0931291580200195,-1.5724036693572998,0.06450332641601478,0.006167642278128967,4
72.95994885200002,2.0110158920288086,5.088376045227051,-1.5709278583526611,0.060700836181639774,0.0032312790579141215,4
73.00987957799998,2.0110158920288086,5.088376045227051,-1.5709278583526611,0.060700836181639774,0.0032312790579141215,4
73.05999106799999,2.0110130310058594,5.0841217041015625,-1.5722886323928833,0.05729736328124915,0.005958549184256893,4
73.110200254,2.011007308959961,5.079921245574951,-1.5738332271575926,0.053936996459960085,0.009059182805472712,4
73.16014960299998,2.011000633239746,5.0763044357299805,-1.5709322690963745,0.05104354858398352,0.003270618123465875,4
73.21009827500001,2.0109996795654297,5.072193622589111,-1.5707671642303467,0.047754898071288215,0.002942315740043022,4
73.259938745,2.0109996795654297,5.072193622589111,-1.5707671642303467,0.047754898071288215,0.002942315740043022,4
73.31006075800002,2.0109996795654297,5.072193622589111,-1.5707671642303467,0.047754898071288215,0.002942315740043022,4
73.35995223200001,2.0109996795654297,5.072193622589111,-1.5707671642303467,0.047754898071288215,0.002942315740043022,4
73.40997082199999,2.0109996795654297,5.072193622589111,-1.5707671642303467,0.047754898071288215,0.002942315740043022,4
73.46017277499999,2.011021614074707,5.059540271759033,-1.572254180908203,0.037632217407225714,0.0058724800772012205,4
73.509966991,2.011021614074707,5.056411266326904,-1.5687772035598757,0.035129013061522586,-0.0010814746194540543,4
73.56010711099998,2.011026382446289,5.05313777923584,-1.5674457550048826,0.032510223388671024,-0.0037539084726034696,4
73.610184032,2.011026382446289,5.05313777923584,-1.5674457550048826,0.032510223388671024,-0.0037539084726034696,4
73.66002397599999,2.0110301971435547,5.050919055938721,-1.5713505744934082,0.03073524475097571,0.004048101109916061,4
73.710162948,2.011026382446289,5.047760963439941,-1.572148084640503,0.028208770751952272,0.005650750798636763,4
73.76006465,2.0110244750976562,5.046214580535889,-1.5725849866867065,0.026971664428710088,0.006528369588309614,4
73.81006678300002,2.0110225677490234,5.043543338775635,-1.5721617937088013,0.02483467102050696,0.005685798329764691,4
73.86017099700001,2.0110225677490234,5.041734218597412,-1.5722299814224243,0.023387374877928836,0.005822173757010784,4
73.91015262899998,2.0110225677490234,5.041734218597412,-1.5722299814224243,0.023387374877928836,0.005822173757010784,4
73.96005210099997,2.011018753051758,5.039317607879639,-1.5720859766006472,0.021454086303710086,0.005541793507987346,4
74.010196742,2.011013984680176,5.037827968597412,-1.5755671262741089,0.020262374877928837,0.012513629598075235,4
74.06023102900002,2.0109987258911133,5.035068511962891,-1.5765377283096313,0.018054809570311647,0.014485351247245157,4
74.10999592600001,2.0109987258911133,5.035068511962891,-1.5765377283096313,0.018054809570311647,0.014485351247245157,4
74.16014804500003,2.0109806060791016,5.032490253448486,-1.5783361196517942,0.01599220275878821,0.018118373555594765,4
74.210059317,2.0109806060791016,5.032490253448486,-1.5783361196517942,0.01599220275878821,0.018118373555594765,4
74.26000603300002,2.0109786987304688,5.032134056091309,-1.5765820741653442,0.015707244873046023,0.014614097279959999,4
74.310169486,2.0109786987304688,5.032134056091309,-1.5765820741653442,0.015707244873046023,0.014614097279959999,4
74.360075156,2.010970115661621,5.030636787414551,-1.5760747194290161,0.014509429931639773,0.013616553944999062,4
74.41010331400003,2.0109615325927734,5.029117107391357,-1.5777785778045654,0.013293685913085086,0.017041436833793007,4
74.45997998299998,2.010946273803711,5.026880264282227,-1.576781630516052,0.011504211425780397,0.015078059834891638,4
74.51008656699997,2.010946273803711,5.026880264282227,-1.576781630516052,0.011504211425780397,0.015078059834891638,4
74.56008346499999,2.0109434127807617,5.026322841644287,-1.5778827667236328,0.011058273315428836,0.01728605429595121,4
74.60999964899997,2.0109434127807617,5.026322841644287,-1.5778827667236328,0.011058273315428836,0.01728605429595121,4
74.66010903199998,2.010936737060547,5.025176048278809,-1.5730943679809573,0.010140838623046024,0.007722608251029333,4
74.709939599,2.0109338760375977,5.023767471313477,-1.5703632831573486,0.0,0.0,5
74.759936482,2.0109329223632812,5.02250862121582,-1.5703140497207642,0.0,0.0,5
74.81002038100002,2.0109329223632812,5.02250862121582,-1.5703140497207642,0.0,0.0,5
74.86021236699997,2.0109329223632812,5.02175235748291,-1.5714263916015623,0.0,0.0,5
74.91010261999998,2.0109329223632812,5.02175235748291,-1.5714266300201416,0.0,0.0,5
74.96001484499999,2.0109329223632812,5.02175235748291,-1.5714266300201416,0.0,0.0,5
75.01012399199999,2.0109329223632812,5.02175235748291,-1.5714266300201416,0.0,0.0,5
75.06007211999997,2.0109329223632812,5.02175235748291,-1.5714266300201416,0.0,0.0,5
75.11003801499999,2.0109329223632812,5.02175235748291,-1.5714266300201416,0.0,0.0,5
75.16008186900001,2.0109329223632812,5.02175235748291,-1.5714266300201416,0.0,0.0,5
75.21005215000002,2.0109329223632812,5.02175235748291,-1.5714266300201416,0.0,0.0,5
75.26006196200001,2.0109329223632812,5.02175235748291,-1.5714266300201416,0.0,0.0,5
75.31006525700002,2.0109329223632812,5.02175235748291,-1.5714266300201416,0.0,0.0,5
75.35999678500002,2.0109329223632812,5.02175235748291,-1.5714266300201416,0.0,0.0,5
75.410048453,2.0109329223632812,5.02175235748291,-1.5714266300201416,0.0,0.0,5
75.46006945900001,2.0109329223632812,5.02175235748291,-1.5714266300201416,0.0,0.0,5
75.51003559600002,2.0109329223632812,5.02175235748291,-1.5714266300201416,0.0,0.0,5
75.560130174,2.0109329223632812,5.02175235748291,-1.5714266300201416,0.0,0.0,5
75.61004765000001,2.0109329223632812,5.02175235748291,-1.5714266300201416,0.0,0.0,5
75.660037359,2.0109329223632812,5.02175235748291,-1.5714266300201416,0.0,0.0,5
75.710075572,2.0109329223632812,5.02175235748291,-1.5714266300201416,0.0,0.0,5
75.76007772000003,2.0109329223632812,5.02175235748291,-1.5714266300201416,0.0,0.0,5
75.81015271000001,2.0109329223632812,5.02175235748291,-1.5714266300201416,0.0,0.0,5
75.86013147199998,2.0109329223632812,5.02175235748291,-1.5714266300201416,0.0,0.0,5
75.91004945899999,2.0109329223632812,5.02175235748291,-1.5714266300201416,0.0,0.0,5
75.96000318900002,2.0109329223632812,5.02175235748291,-1.5714266300201416,0.0,0.0,5
76.01012722500002,2.0109329223632812,5.02175235748291,-1.5714266300201416,0.0,0.0,5
76.060050526,2.0109329223632812,5.02175235748291,-1.5714266300201416,0.0,0.0,5
76.11010688200003,2.0109329223632812,5.02175235748291,-1.5714266300201416,0.0,0.0,5
76.16006562899997,2.0109329223632812,5.02175235748291,-1.5714266300201416,0.0,0.0,5
76.20989327299998,2.0109329223632812,5.02175235748291,-1.5714266300201416,0.0,0.0,5
76.260012389,2.0109329223632812,5.02175235748291,-1.5714266300201416,0.0,0.0,5
76.310109748,2.0109329223632812,5.02175235748291,-1.5714266300201416,0.0,0.0,5
